Route Number,Route Description,Station
1,,"London to Barking, Upminster, Basildon, Grays, Tilbury, Southend Central and Shoeburyness"
1,,LONDON FENCHURCH STREET
1,,LIMEHOUSE
1,,WEST HAM
1,,LONDON LIVERPOOL STREET
1,,STRATFORD
1,,BARKING
1,,UPMINSTER
1,,OCKENDON
1,,CHAFFORD HUNDRED LAKESIDE
1,,DAGENHAM DOCK
1,,RAINHAM
1,,PURFLEET
1,,GRAYS
1,,TILBURY TOWN
1,,EAST TILBURY
1,,STANFORD-LE-HOPE
1,,WEST HORNDON
1,,LAINDON
1,,BASILDON
1,,PITSEA
1,,BENFLEET
1,,LEIGH-ON-SEA
1,,CHALKWELL
1,,WESTCLIFF
1,,SOUTHEND CENTRAL
1,,SOUTHEND EAST
1,,THORPE BAY
1,,SHOEBURYNESS
2,,Romford to Upminster
2,,ROMFORD
2,,EMERSON PARK
2,,UPMINSTER
3,,"Stratford, Highbury & Islington and Barking to Gospel Oak, Willesden Junction, Clapham Junction and Richmond"
3,,STRATFORD
3,,HACKNEY WICK
3,,HOMERTON
3,,HACKNEY CENTRAL
3,,DALSTON KINGSLAND
3,,CANONBURY
3,,HIGHBURY & ISLINGTON
3,,CALEDONIAN RD & BARNSBURY
3,,CAMDEN ROAD
3,,KENTISH TOWN WEST
3,,BARKING RVERSIDE
3,,BARKING
3,,WOODGRANGE PARK
3,,WANSTEAD PARK
3,,LEYTONSTONE HIGH ROAD
3,,LEYTON MIDLAND ROAD
3,,WALTHAMSTOW QUEEN'S ROAD
3,,BLACKHORSE ROAD
3,,SOUTH TOTTENHAM
3,,HARRINGAY GREEN LANES
3,,CROUCH HILL
3,,UPPER HOLLOWAY
3,,GOSPEL OAK
3,,HAMPSTEAD HEATH
3,,FINCHLEY ROAD & FROGNAL
3,,WEST HAMPSTEAD
3,,BRONDESBURY
3,,BRONDESBURY PARK
3,,KENSAL RISE
3,,WILLESDEN JUNCTION
3,,SHEPHERD'S BUSH
3,,KENSINGTON (OLYMPIA)
3,,WEST BROMPTON
3,,IMPERIAL WHARF
3,,CLAPHAM JUNCTION
3,,ACTON CENTRAL
3,,SOUTH ACTON
3,,GUNNERSBURY
3,,KEW GARDENS
3,,RICHMOND
4,,"Reading, Heathrow Airport and Central London to Canary Wharf, Woolwich, Abbey Wood, Stratford, Ilford, Romford and"
4,,Shenfield
4,,READING
4,,TWYFORD
4,,MAIDENHEAD
4,,TAPLOW
4,,BURNHAM
4,,SLOUGH
4,,LANGLEY
4,,IVER
4,,WEST DRAYTON
4,,HEATHROW TERMINAL
4,,HEATHROW TERMINAL
4,,HEATHROW TERMINALS &
4,,HAYES & HARLINGTON
4,,SOUTHALL
4,,HANWELL
4,,WEST EALING
4,,EALING BROADWAY
4,,ACTON MAIN LINE
4,,LONDON PADDINGTON EL
4,,BOND STREET
4,,TOTTENHAM COURT ROAD
4,,FARRINGDON
4,,LONDON LIVERPOOL STREET EL
4,,LONDON LIVERPOOL STREET
4,,WHITECHAPEL
4,,CANARY WHARF
4,,CUSTOM HOUSE
4,,WOOLWICH
4,,ABBEY WOOD
4,,STRATFORD
4,,MARYLAND
4,,FOREST GATE
4,,MANOR PARK
4,,ILFORD
4,,SEVEN KINGS
4,,GOODMAYES
4,,CHADWELL HEATH
4,,ROMFORD
4,,GIDEA PARK
4,,HAROLD WOOD
4,,BRENTWOOD
4,,SHENFIELD
5,,"London to Wickford, Southminster and Southend Victoria"
5,,LONDON LIVERPOOL STREET
5,,STRATFORD
5,,ROMFORD
5,,SHENFIELD
5,,BILLERICAY
5,,WICKFORD
5,,BATTLESBRIDGE
5,,SOUTH WOODHAM FERRERS
5,,NORTH FAMBRIDGE
5,,ALTHORNE
5,,BURNHAM-ON-CROUCH
5,,SOUTHMINSTER
5,,RAYLEIGH
5,,HOCKLEY
5,,ROCHFORD
5,,SOUTHEND AIRPORT
5,,PRITTLEWELL
5,,SOUTHEND VICTORIA
6,,"London to Chelmsford, Witham, Braintree, Colchester, Clacton-on-Sea, Walton-on-the-Naze, Harwich and Ipswich"
6,,LONDON LIVERPOOL STREET
6,,STRATFORD
6,,ROMFORD
6,,SHENFIELD
6,,INGATESTONE
6,,CHELMSFORD
6,,HATFIELD PEVEREL
6,,WITHAM
6,,WHITE NOTLEY
6,,CRESSING
6,,BRAINTREE FREEPORT
6,,BRAINTREE
6,,KELVEDON
6,,MARKS TEY
6,,COLCHESTER
6,,COLCHESTER TOWN
6,,HYTHE
6,,WIVENHOE
6,,ALRESFORD (ESSEX)
6,,GREAT BENTLEY
6,,WEELEY
6,,THORPE-LE-SOKEN
6,,KIRBY CROSS
6,,FRINTON-ON-SEA
6,,WALTON-ON-THE-NAZE
6,,CLACTON-ON-SEA
6,,MANNINGTREE
6,,MISTLEY
6,,WRABNESS
6,,HARWICH INTERNATIONAL
6,,DOVERCOURT
6,,HARWICH TOWN
6,,IPSWICH
7,,Marks Tey to Sudbury
7,,MARKS TEY
7,,CHAPPEL & WAKES COLNE
7,,BURES
7,,SUDBURY
8,,"London, Colchester and Ipswich to Norwich"
8,,LONDON LIVERPOOL STREET
8,,STRATFORD
8,,CHELMSFORD
8,,COLCHESTER
8,,MANNINGTREE
8,,IPSWICH
8,,STOWMARKET
8,,DISS
8,,NORWICH
9,,Norwich to Cromer and Sheringham
9,,NORWICH
9,,SALHOUSE
9,,HOVETON & WROXHAM
9,,WORSTEAD
9,,NORTH WALSHAM
9,,GUNTON
9,,ROUGHTON ROAD
9,,CROMER
9,,WEST RUNTON
9,,SHERINGHAM
10,,Norwich to Great Yarmouth and Lowestoft
10,,NORWICH
10,,BRUNDALL GARDENS
10,,BRUNDALL
10,,LINGWOOD
10,,ACLE
10,,BUCKENHAM
10,,CANTLEY
10,,REEDHAM (NORFOLK)
10,,BERNEY ARMS
10,,GREAT YARMOUTH
10,,HADDISCOE
10,,SOMERLEYTON
10,,OULTON BROAD NORTH
10,,LOWESTOFT
11,,"Ipswich to Felixstowe, Beccles and Lowestoft"
11,,IPSWICH
11,,WESTERFIELD
11,,DERBY ROAD
11,,TRIMLEY
11,,FELIXSTOWE
11,,WOODBRIDGE
11,,MELTON
11,,WICKHAM MARKET
11,,SAXMUNDHAM
11,,DARSHAM
11,,HALESWORTH
11,,BRAMPTON (SUFFOLK)
11,,BECCLES
11,,OULTON BROAD SOUTH
11,,LOWESTOFT
12,,"Ipswich to Stowmarket, Bury St Edmunds, Cambridge, Ely and Peterborough"
12,,LONDON LIVERPOOL STREET
12,,COLCHESTER
12,,IPSWICH
12,,NEEDHAM MARKET
12,,STOWMARKET
12,,ELMSWELL
12,,THURSTON
12,,BURY ST EDMUNDS
12,,KENNETT
12,,NEWMARKET
12,,DULLINGHAM
12,,CAMBRIDGE
12,,SOHAM
12,,ELY
12,,MANEA
12,,MARCH
12,,WHITTLESEA
12,,PETERBOROUGH
13,,"London, Stansted Airport and Cambridge to Ely, Kings Lynn, Norwich and Peterborough"
13,,LONDON LIVERPOOL STREET
13,,LONDON KINGS CROSS
13,,IPSWICH
13,,STANSTED AIRPORT
13,,CAMBRIDGE
13,,CAMBRIDGE NORTH
13,,WATERBEACH
13,,ELY
13,,LITTLEPORT
13,,DOWNHAM MARKET
13,,WATLINGTON
13,,KINGS LYNN
13,,SHIPPEA HILL
13,,LAKENHEATH
13,,BRANDON
13,,THETFORD
13,,HARLING ROAD
13,,ECCLES ROAD
13,,ATTLEBOROUGH
13,,SPOONER ROW
13,,WYMONDHAM
13,,NORWICH
13,,MANEA
13,,MARCH
13,,WHITTLESEA
13,,PETERBOROUGH
14,,"London to Broxbourne, Hertford East, Bishops Stortford, Stansted Airport and Cambridge"
14,,LONDON LIVERPOOL STREET
14,,HACKNEY DOWNS
14,,SEVEN SISTERS
14,,STRATFORD
14,,LEA BRIDGE
14,,TOTTENHAM HALE
14,,NORTHUMBERLAND PARK
14,,MERIDIAN WATER
14,,PONDERS END
14,,BRIMSDOWN
14,,ENFIELD LOCK
14,,WALTHAM CROSS
14,,CHESHUNT
14,,BROXBOURNE
14,,RYE HOUSE
14,,ST MARGARETS (HERTS)
14,,WARE
14,,HERTFORD EAST
14,,ROYDON
14,,HARLOW TOWN
14,,HARLOW MILL
14,,SAWBRIDGEWORTH
14,,BISHOPS STORTFORD
14,,STANSTED MOUNTFITCHET
14,,STANSTED AIRPORT
14,,ELSENHAM
14,,NEWPORT (ESSEX)
14,,AUDLEY END
14,,GREAT CHESTERFORD
14,,WHITTLESFORD PARKWAY
14,,SHELFORD
14,,CAMBRIDGE
14,,CAMBRIDGE NORTH
15,,"London, Brighton, Horsham, Gatwick Airport and East Croydon to Stevenage, Peterborough and Cambridge"
15,,BRIGHTON
15,,HORSHAM
15,,GATWICK AIRPORT
15,,REDHILL
15,,EAST CROYDON
15,,LONDON BRIDGE
15,,LONDON BLACKFRIARS
15,,CITY THAMESLINK
15,,FARRINGDON
15,,ST PANCRAS INTERNATIONAL
15,,LONDON KINGS CROSS
15,,FINSBURY PARK
15,,POTTERS BAR
15,,HATFIELD
15,,WELWYN GARDEN CITY
15,,WELWYN NORTH
15,,KNEBWORTH
15,,STEVENAGE
15,,HITCHIN
15,,ARLESEY
15,,BIGGLESWADE
15,,SANDY
15,,ST NEOTS
15,,HUNTINGDON
15,,PETERBOROUGH
15,,LETCHWORTH GARDEN CITY
15,,BALDOCK
15,,ASHWELL & MORDEN
15,,ROYSTON
15,,MELDRETH
15,,SHEPRETH
15,,FOXTON
15,,CAMBRIDGE
15,,CAMBRIDGE NORTH
15,,ELY
15,,KINGS LYNN
16,,"London to Potters Bar, Hatfield, Welwyn Garden City, Enfield Chase, Hertford North and Stevenage"
16,,SEVENOAKS
16,,BROMLEY SOUTH
16,,DENMARK HILL
16,,ELEPHANT & CASTLE
16,,LONDON BLACKFRIARS
16,,CITY THAMESLINK
16,,FARRINGDON
16,,ST PANCRAS INTERNATIONAL
16,,LONDON KINGS CROSS
16,,MOORGATE
16,,OLD STREET
16,,ESSEX ROAD
16,,HIGHBURY & ISLINGTON
16,,DRAYTON PARK
16,,FINSBURY PARK
16,,HARRINGAY
16,,HORNSEY
16,,ALEXANDRA PALACE
16,,NEW SOUTHGATE
16,,OAKLEIGH PARK
16,,NEW BARNET
16,,HADLEY WOOD
16,,POTTERS BAR
16,,BROOKMANS PARK
16,,WELHAM GREEN
16,,HATFIELD
16,,WELWYN GARDEN CITY
16,,WELWYN NORTH
16,,KNEBWORTH
16,,BOWES PARK
16,,PALMERS GREEN
16,,WINCHMORE HILL
16,,GRANGE PARK
16,,ENFIELD CHASE
16,,GORDON HILL
16,,CREWS HILL
16,,CUFFLEY
16,,BAYFORD
16,,HERTFORD NORTH
16,,WATTON-AT-STONE
16,,STEVENAGE
17,,"London to Chingford, Enfield Town and Cheshunt"
17,,LONDON LIVERPOOL STREET
17,,BETHNAL GREEN
17,,CAMBRIDGE HEATH
17,,LONDON FIELDS
17,,HACKNEY DOWNS
17,,CLAPTON
17,,ST JAMES STREET
17,,WALTHAMSTOW CENTRAL
17,,WOOD STREET
17,,HIGHAMS PARK
17,,CHINGFORD
17,,RECTORY ROAD
17,,STOKE NEWINGTON
17,,STAMFORD HILL
17,,SEVEN SISTERS
17,,BRUCE GROVE
17,,WHITE HART LANE
17,,SILVER STREET
17,,EDMONTON GREEN
17,,BUSH HILL PARK
17,,ENFIELD TOWN
17,,SOUTHBURY
17,,TURKEY STREET
17,,THEOBALDS GROVE
17,,CHESHUNT
20,,"London to Lincoln, Doncaster, Hull, Leeds, West Yorkshire, York, the North East, Newcastle, Edinburgh and Scotland"
20,,LONDON KINGS CROSS
20,,STEVENAGE
20,,PETERBOROUGH
20,,GRANTHAM
20,,NEWARK NORTH GATE
20,,LINCOLN
20,,RETFORD
20,,DONCASTER
20,,SELBY
20,,HOWDEN
20,,BROUGH
20,,HULL
20,,BEVERLEY
20,,WAKEFIELD WESTGATE
20,,LEEDS
20,,HUDDERSFIELD via Leeds
20,,HORSFORTH
20,,HARROGATE
20,,SHIPLEY
20,,BRADFORD FORSTER SQUARE
20,,KEIGHLEY
20,,SKIPTON
20,,PONTEFRACT MONKHILL
20,,WAKEFIELD KIRKGATE
20,,MIRFIELD
20,,BRIGHOUSE
20,,HALIFAX
20,,LOW MOOR
20,,BRADFORD INTERCHANGE
20,,YORK
20,,THIRSK
20,,NORTHALLERTON
20,,EAGLESCLIFFE
20,,MIDDLESBROUGH
20,,HARTLEPOOL
20,,SUNDERLAND
20,,DARLINGTON
20,,DURHAM
20,,NEWCASTLE
20,,MORPETH
20,,ALNMOUTH FOR ALNWICK
20,,BERWICK-UPON-TWEED
20,,DUNBAR
20,,EDINBURGH
20,,GLASGOW CENTRAL
20,,DUNDEE
20,,ABERDEEN
20,,STIRLING
20,,PERTH
20,,INVERNESS
21,,"Liverpool, Warrington, Manchester and Sheffield to Doncaster, Scunthorpe, Grimsby, Cleethorpes, Hull, Bridlington and"
21,,Scarborough
21,,LIVERPOOL LIME STREET
21,,LIVERPOOL SOUTH PARKWAY
21,,WARRINGTON WEST
21,,WARRINGTON CENTRAL
21,,BIRCHWOOD
21,,IRLAM
21,,URMSTON
21,,MANCHESTER OXFORD ROAD
21,,MANCHESTER PICCADILLY
21,,STOCKPORT
21,,SHEFFIELD
21,,MEADOWHALL
21,,ROTHERHAM CENTRAL
21,,SWINTON (S.YORKS)
21,,MEXBOROUGH
21,,CONISBROUGH
21,,LONDON KINGS CROSS
21,,DONCASTER
21,,BENTLEY (S.YORKS)
21,,ADWICK
21,,KIRK SANDALL
21,,HATFIELD & STAINFORTH
21,,THORNE SOUTH
21,,CROWLE
21,,ALTHORPE
21,,SCUNTHORPE
21,,BARNETBY
21,,HABROUGH
21,,GRIMSBY TOWN
21,,CLEETHORPES
21,,THORNE NORTH
21,,GOOLE
21,,SALTMARSHE
21,,SELBY
21,,HOWDEN
21,,GILBERDYKE
21,,BROOMFLEET
21,,BROUGH
21,,FERRIBY
21,,HESSLE
21,,HULL
21,,COTTINGHAM
21,,BEVERLEY
21,,DRIFFIELD
21,,BRIDLINGTON
21,,FILEY
21,,SCARBOROUGH
22,,"Huddersfield, Halifax, Bradford, Leeds and York to Selby and Hull"
22,,HUDDERSFIELD
22,,HALIFAX
22,,BRADFORD INTERCHANGE
22,,NEW PUDSEY
22,,BRAMLEY
22,,LEEDS
22,,CROSS GATES
22,,GARFORTH
22,,EAST GARFORTH
22,,MICKLEFIELD
22,,SOUTH MILFORD
22,,SHEFFIELD
22,,LONDON KINGS CROSS
22,,DONCASTER
22,,GOOLE
22,,YORK
22,,ULLESKELF
22,,CHURCH FENTON
22,,SHERBURN-IN-ELMET
22,,SELBY
22,,WRESSLE
22,,HOWDEN
22,,EASTRINGTON
22,,GILBERDYKE
22,,BROOMFLEET
22,,BROUGH
22,,FERRIBY
22,,HESSLE
22,,HULL
22,,COTTINGHAM
22,,BEVERLEY
22,,DRIFFIELD
22,,BRIDLINGTON
22,,FILEY
22,,SCARBOROUGH
23,,"Huddersfield, Halifax, Bradford and Leeds to York and Scarborough"
23,,HUDDERSFIELD
23,,DEWSBURY
23,,HALIFAX
23,,BRADFORD INTERCHANGE
23,,NEW PUDSEY
23,,BRAMLEY
23,,LEEDS
23,,CROSS GATES
23,,GARFORTH
23,,EAST GARFORTH
23,,MICKLEFIELD
23,,CHURCH FENTON
23,,ULLESKELF
23,,YORK
23,,MALTON
23,,SEAMER
23,,SCARBOROUGH
24,,"Hull to Beverley, Bridlington, Filey and Scarborough"
24,,SHEFFIELD
24,,LONDON KINGS CROSS
24,,DONCASTER
24,,YORK
24,,SELBY
24,,HULL
24,,COTTINGHAM
24,,BEVERLEY
24,,ARRAM
24,,HUTTON CRANSWICK
24,,DRIFFIELD
24,,NAFFERTON
24,,BRIDLINGTON
24,,BEMPTON
24,,HUNMANBY
24,,FILEY
24,,SEAMER
24,,SCARBOROUGH
25,,"Hull, Barton-on-Humber and Barnetby to Grimsby and Cleethorpes"
25,,HULL PARAGON INTERCHANGE
25,,BARTON-ON-HUMBER
25,,BARROW HAVEN
25,,NEW HOLLAND
25,,GOXHILL
25,,THORNTON ABBEY
25,,ULCEBY
25,,BARNETBY
25,,HABROUGH
25,,STALLINGBOROUGH
25,,HEALING
25,,GREAT COATES
25,,GRIMSBY TOWN
25,,GRIMSBY DOCKS
25,,NEW CLEE
25,,CLEETHORPES
26,,"Leeds and Sheffield to Worksop, Retford, Gainsborough, Lincoln, Grimsby and Cleethorpes"
26,,LEEDS
26,,WAKEFIELD KIRKGATE
26,,HUDDERSFIELD
26,,BARNSLEY
26,,MEADOWHALL
26,,SHEFFIELD
26,,DARNALL
26,,WOODHOUSE
26,,KIVETON BRIDGE
26,,KIVETON PARK
26,,SHIREOAKS
26,,WORKSOP
26,,RETFORD
26,,GAINSBOROUGH LEA ROAD
26,,SAXILBY
26,,LINCOLN
26,,GAINSBOROUGH CENTRAL
26,,KIRTON LINDSEY
26,,BRIGG
26,,BARNETBY
26,,HABROUGH
26,,GRIMSBY TOWN
26,,CLEETHORPES
27,,"Sheffield, Nottingham and Lincoln to Barnsley, Penistone, Huddersfield, Wakefield, Castleford and Leeds"
27,,NOTTINGHAM
27,,CHESTERFIELD
27,,LINCOLN
27,,GAINSBOROUGH LEA ROAD
27,,RETFORD
27,,WORKSOP
27,,SHEFFIELD
27,,MEADOWHALL
27,,CHAPELTOWN
27,,ELSECAR
27,,WOMBWELL
27,,BARNSLEY
27,,DODWORTH
27,,SILKSTONE COMMON
27,,PENISTONE
27,,DENBY DALE
27,,SHEPLEY
27,,STOCKSMOOR
27,,BROCKHOLES
27,,HONLEY
27,,BERRY BROW
27,,LOCKWOOD
27,,HUDDERSFIELD
27,,DARTON
27,,WAKEFIELD KIRKGATE
27,,NORMANTON
27,,CASTLEFORD
27,,WOODLESFORD
27,,LEEDS
28,,Sheffield and Doncaster to Wakefield and Leeds
28,,SHEFFIELD
28,,MEADOWHALL
28,,ROTHERHAM CENTRAL
28,,SWINTON (S.YORKS)
28,,BOLTON-UPON-DEARNE
28,,GOLDTHORPE
28,,THURNSCOE
28,,MOORTHORPE
28,,DONCASTER
28,,BENTLEY (S.YORKS)
28,,ADWICK
28,,SOUTH ELMSALL
28,,FITZWILLIAM
28,,SANDAL & AGBRIGG
28,,WAKEFIELD KIRKGATE via Pontefract
28,,Monkhill
28,,WAKEFIELD WESTGATE
28,,OUTWOOD
28,,LEEDS
29,,Sheffield to Wakefield and Leeds (summary)
29,,SHEFFIELD
29,,MEADOWHALL
29,,WAKEFIELD KIRKGATE
29,,WAKEFIELD WESTGATE
29,,LEEDS
29,,029A
29,,Wakefield to Leeds (summary)
29,,WAKEFIELD KIRKGATE via Castleford
29,,WAKEFIELD WESTGATE
29,,LEEDS
30,,Sheffield to Pontefract and York
30,,SHEFFIELD
30,,MEADOWHALL
30,,ROTHERHAM CENTRAL
30,,SWINTON (S.YORKS)
30,,MOORTHORPE
30,,PONTEFRACT BAGHILL
30,,SHERBURN-IN-ELMET
30,,CHURCH FENTON
30,,ULLESKELF
30,,YORK
31,,"Bradford and Halifax to Huddersfield, Wakefield, Castleford and Pontefract"
31,,BRADFORD INTERCHANGE
31,,LOW MOOR
31,,HALIFAX
31,,BRIGHOUSE
31,,HUDDERSFIELD
31,,DEIGHTON
31,,MIRFIELD
31,,WAKEFIELD KIRKGATE
31,,NORMANTON
31,,CASTLEFORD
31,,PONTEFRACT MONKHILL
32,,"Leeds, Castleford and Wakefield to Pontefract, Knottingley and Goole"
32,,LEEDS
32,,WOODLESFORD
32,,CASTLEFORD
32,,GLASSHOUGHTON
32,,WAKEFIELD WESTGATE
32,,WAKEFIELD KIRKGATE
32,,STREETHOUSE
32,,FEATHERSTONE
32,,PONTEFRACT TANSHELF
32,,PONTEFRACT MONKHILL
32,,KNOTTINGLEY
32,,WHITLEY BRIDGE
32,,HENSALL
32,,SNAITH
32,,RAWCLIFFE
32,,GOOLE
33,,"Leeds to Harrogate, Knaresborough and York"
33,,LONDON KINGS CROSS
33,,LEEDS
33,,BURLEY PARK
33,,HEADINGLEY
33,,HORSFORTH
33,,WEETON
33,,PANNAL
33,,HORNBEAM PARK
33,,HARROGATE
33,,STARBECK
33,,KNARESBOROUGH
33,,CATTAL
33,,HAMMERTON
33,,POPPLETON
33,,YORK
34,,Leeds and Bradford to Ilkley
34,,LEEDS
34,,KIRKSTALL FORGE
34,,BRADFORD FORSTER SQUARE
34,,FRIZINGHALL
34,,SHIPLEY
34,,BAILDON
34,,GUISELEY
34,,MENSTON
34,,BURLEY-IN-WHARFEDALE
34,,BEN RHYDDING
34,,ILKLEY
35,,"Leeds and Bradford to Keighley, Skipton, Lancaster, Morecambe, Heysham Port, Settle, Appleby and Carlisle"
35,,LEEDS
35,,KIRKSTALL FORGE
35,,APPERLEY BRIDGE
35,,BRADFORD FORSTER SQUARE
35,,FRIZINGHALL
35,,SHIPLEY
35,,SALTAIRE
35,,BINGLEY
35,,CROSSFLATTS
35,,KEIGHLEY
35,,STEETON & SILSDEN
35,,CONONLEY
35,,SKIPTON
35,,GARGRAVE
35,,BLACKPOOL NORTH
35,,PRESTON
35,,BLACKBURN
35,,CLITHEROE
35,,HELLIFIELD
35,,LONG PRESTON
35,,GIGGLESWICK
35,,CLAPHAM (NTH YORKSHIRE)
35,,BENTHAM
35,,WENNINGTON
35,,CARNFORTH
35,,LANCASTER
35,,BARE LANE
35,,MORECAMBE
35,,HEYSHAM PORT
35,,SETTLE
35,,HORTON-IN-RIBBLESDALE
35,,RIBBLEHEAD
35,,DENT
35,,GARSDALE
35,,KIRKBY STEPHEN
35,,APPLEBY
35,,LANGWATHBY
35,,LAZONBY & KIRKOSWALD
35,,ARMATHWAITE
35,,CARLISLE
36,,Leeds to Shipley and Bradford (summary)
36,,LEEDS
36,,KIRKSTALL FORGE
36,,APPERLEY BRIDGE
36,,SHIPLEY
36,,FRIZINGHALL
36,,BRADFORD FORSTER SQUARE
36,,BRAMLEY
36,,NEW PUDSEY
36,,BRADFORD INTERCHANGE
37,,"Leeds and Bradford to Halifax, Huddersfield, Burnley, Blackburn, Preston, Blackpool, Rochdale, Manchester, Warrington and"
37,,Chester
37,,YORK
37,,HULL
37,,SELBY
37,,LEEDS
37,,BRAMLEY
37,,NEW PUDSEY
37,,BRADFORD INTERCHANGE
37,,LOW MOOR
37,,HALIFAX
37,,COTTINGLEY
37,,MORLEY
37,,BATLEY
37,,DEWSBURY
37,,RAVENSTHORPE
37,,MIRFIELD
37,,BRIGHOUSE
37,,HUDDERSFIELD
37,,SOWERBY BRIDGE
37,,MYTHOLMROYD
37,,HEBDEN BRIDGE
37,,BURNLEY MANCHESTER ROAD
37,,ACCRINGTON
37,,BLACKBURN
37,,PRESTON
37,,POULTON-LE-FYLDE
37,,BLACKPOOL NORTH
37,,TODMORDEN
37,,WALSDEN
37,,LITTLEBOROUGH
37,,SMITHY BRIDGE
37,,ROCHDALE
37,,CASTLETON
37,,MILLS HILL
37,,MOSTON
37,,MANCHESTER VICTORIA
37,,SALFORD CENTRAL
37,,SALFORD CRESCENT
37,,BOLTON
37,,WIGAN WALLGATE
37,,WIGAN NORTH WESTERN
37,,WARRINGTON BANK QUAY
37,,CHESTER
38,,"Leeds, Dewsbury, Castleford and Wakefield to Huddersfield, Stalybridge and Manchester"
38,,LEEDS
38,,COTTINGLEY
38,,MORLEY
38,,BATLEY
38,,DEWSBURY
38,,RAVENSTHORPE
38,,YORK
38,,CASTLEFORD
38,,NORMANTON
38,,WAKEFIELD KIRKGATE
38,,MIRFIELD
38,,DEIGHTON
38,,HUDDERSFIELD
38,,SLAITHWAITE
38,,MARSDEN
38,,GREENFIELD
38,,MOSSLEY (GRTR MANCHESTER)
38,,STALYBRIDGE
38,,ASHTON-UNDER-LYNE
38,,MANCHESTER VICTORIA
38,,MANCHESTER OXFORD ROAD
38,,MANCHESTER PICCADILLY
38,,MANCHESTER AIRPORT
39,,"Liverpool and Manchester to Leeds, Hull, York, Scarborough, Teesside and Newcastle"
39,,(summary of TransPennine services only)
39,,LIVERPOOL LIME STREET
39,,LEA GREEN
39,,NEWTON-LE-WILLOWS
39,,MANCHESTER AIRPORT
39,,GATLEY
39,,EAST DIDSBURY
39,,MANCHESTER PICCADILLY
39,,MANCHESTER OXFORD ROAD
39,,MANCHESTER VICTORIA
39,,STALYBRIDGE
39,,HUDDERSFIELD
39,,DEWSBURY
39,,LEEDS
39,,GARFORTH
39,,SELBY
39,,BROUGH
39,,HULL
39,,WAKEFIELD KIRKGATE
39,,NORMANTON
39,,CASTLEFORD
39,,YORK
39,,MALTON
39,,SEAMER
39,,SCARBOROUGH
39,,THIRSK
39,,NORTHALLERTON
39,,DARLINGTON
39,,YARM
39,,EAGLESCLIFFE
39,,THORNABY
39,,MIDDLESBROUGH
39,,REDCAR CENTRAL
39,,SALTBURN
39,,DURHAM
39,,CHESTER-LE-STREET
39,,NEWCASTLE
40,,"Leeds and York to Middlesbrough, Redcar, Sunderland, Darlington, Durham, Newcastle and Edinburgh"
40,,LONDON KINGS CROSS
40,,BIRMINGHAM NEW STREET
40,,SHEFFIELD
40,,DONCASTER
40,,LIVERPOOL LIME STREET
40,,MANCHESTER AIRPORT
40,,MANCHESTER VICTORIA
40,,LEEDS
40,,YORK
40,,THIRSK
40,,NORTHALLERTON
40,,YARM
40,,EAGLESCLIFFE
40,,THORNABY
40,,MIDDLESBROUGH
40,,REDCAR CENTRAL
40,,SALTBURN
40,,HARTLEPOOL
40,,SUNDERLAND
40,,DARLINGTON
40,,DURHAM
40,,CHESTER-LE-STREET
40,,NEWCASTLE
40,,MORPETH
40,,ALNMOUTH FOR ALNWICK
40,,BERWICK-UPON-TWEED
40,,DUNBAR
40,,EDINBURGH
40,,HAYMARKET
40,,MOTHERWELL
40,,GLASGOW CENTRAL
40,,FALKIRK GRAHAMSTON
40,,STIRLING
40,,PERTH
40,,INVERNESS
40,,INVERKEITHING
40,,KIRKCALDY
40,,LEUCHARS
40,,DUNDEE
40,,ARBROATH
40,,MONTROSE
40,,STONEHAVEN
40,,ABERDEEN
41,,"Newcastle, Sunderland, Hartlepool, Bishop Auckland and Darlington to Middlesbrough, Nunthorpe, Whitby and Saltburn"
41,,CARLISLE
41,,HEXHAM
41,,METROCENTRE
41,,NEWCASTLE
41,,HEWORTH
41,,SUNDERLAND
41,,SEAHAM
41,,HORDEN
41,,HARTLEPOOL
41,,SEATON CAREW
41,,BILLINGHAM
41,,STOCKTON
41,,BISHOP AUCKLAND
41,,SHILDON
41,,NEWTON AYCLIFFE
41,,HEIGHINGTON
41,,NORTH ROAD
41,,CHESTER-LE-STREET
41,,DURHAM
41,,DARLINGTON
41,,DINSDALE
41,,ALLENS WEST
41,,EAGLESCLIFFE
41,,LONDON KINGS CROSS
41,,THORNABY
41,,MIDDLESBROUGH
41,,JAMES COOK
41,,MARTON
41,,GYPSY LANE
41,,NUNTHORPE
41,,GREAT AYTON
41,,BATTERSBY
41,,KILDALE
41,,COMMONDALE
41,,CASTLETON MOOR
41,,DANBY
41,,LEALHOLM
41,,GLAISDALE
41,,EGTON
41,,GROSMONT
41,,SLEIGHTS
41,,RUSWARP
41,,WHITBY
41,,SOUTH BANK
41,,REDCAR CENTRAL
41,,REDCAR EAST
41,,LONGBECK
41,,MARSKE
41,,SALTBURN
42,,"Newcastle to Metrocentre, Hexham and Carlisle"
42,,MIDDLESBROUGH
42,,HARTLEPOOL
42,,SUNDERLAND
42,,MORPETH
42,,NEWCASTLE
42,,DUNSTON
42,,METROCENTRE
42,,BLAYDON
42,,WYLAM
42,,PRUDHOE
42,,STOCKSFIELD
42,,RIDING MILL
42,,CORBRIDGE
42,,HEXHAM
42,,HAYDON BRIDGE
42,,BARDON MILL
42,,HALTWHISTLE
42,,BRAMPTON (CUMBRIA)
42,,WETHERAL
42,,CARLISLE
43,,"Newcastle to Morpeth, Berwick-upon-Tweed, Dunbar and Edinburgh"
43,,CARLISLE
43,,HEXHAM
43,,METROCENTRE
43,,NEWCASTLE
43,,MANORS
43,,CRAMLINGTON
43,,MORPETH
43,,PEGSWOOD
43,,WIDDRINGTON
43,,ACKLINGTON
43,,ALNMOUTH FOR ALNWICK
43,,CHATHILL
43,,BERWICK-UPON-TWEED
43,,RESTON
43,,DUNBAR
43,,EAST LINTON
43,,EDINBURGH
44,,Newcastle to Bedlington and Ashington
44,,NEWCASTLE
44,,MANORS
44,,NORTHUMBERLAND PARK (NE)
44,,SEATON DELAVAL
44,,NEWSHAM
44,,BLYTH BEBSIDE
44,,BEDLINGTON
44,,TBC
44,,ASHINGTON
44,,TBC
51,,"London, the South Coast, Gatwick Airport, East Croydon, the Medway Towns and Sutton to St Albans, Luton and Bedford"
51,,BRIGHTON
51,,HAYWARDS HEATH
51,,THREE BRIDGES
51,,GATWICK AIRPORT
51,,EAST CROYDON
51,,SUTTON (SURREY)
51,,WIMBLEDON
51,,ORPINGTON
51,,BROMLEY SOUTH
51,,RAINHAM (KENT)
51,,GILLINGHAM (KENT)
51,,CHATHAM
51,,GRAVESEND
51,,DARTFORD
51,,WOOLWICH ARSENAL
51,,ELEPHANT & CASTLE
51,,LONDON BRIDGE
51,,LONDON BLACKFRIARS
51,,CITY THAMESLINK
51,,FARRINGDON
51,,ST PANCRAS INTERNATIONAL
51,,KENTISH TOWN
51,,WEST HAMPSTEAD THAMESLINK
51,,CRICKLEWOOD
51,,HENDON
51,,MILL HILL BROADWAY
51,,ELSTREE & BOREHAMWOOD
51,,RADLETT
51,,ST ALBANS CITY
51,,HARPENDEN
51,,LUTON AIRPORT PARKWAY
51,,LUTON
51,,LEAGRAVE
51,,HARLINGTON
51,,FLITWICK
51,,BEDFORD
52,,"London to Kettering, Corby, Leicester, Nottingham, Derby, Chesterfield and Sheffield"
52,,ST PANCRAS INTERNATIONAL
52,,LUTON AIRPORT PARKWAY
52,,LUTON
52,,BEDFORD
52,,WELLINGBOROUGH
52,,KETTERING
52,,CORBY
52,,OAKHAM
52,,MELTON MOWBRAY
52,,MARKET HARBOROUGH
52,,LEICESTER
52,,SYSTON
52,,SILEBY
52,,BARROW UPON SOAR
52,,LOUGHBOROUGH
52,,EAST MIDLANDS PARKWAY
52,,ATTENBOROUGH
52,,BEESTON
52,,NOTTINGHAM
52,,NEWARK CASTLE
52,,LINCOLN
52,,GRIMSBY TOWN
52,,LONG EATON
52,,DERBY
52,,CHESTERFIELD
52,,SHEFFIELD
53,,"Nottingham, Derby and Chesterfield to Sheffield, Manchester, Liverpool, Leeds and York"
53,,NOTTINGHAM
53,,ILKESTON
53,,LANGLEY MILL
53,,ALFRETON
53,,DERBY
53,,BELPER
53,,CHESTERFIELD
53,,DRONFIELD
53,,SHEFFIELD
53,,STOCKPORT
53,,MANCHESTER PICCADILLY
53,,MANCHESTER OXFORD ROAD
53,,WARRINGTON CENTRAL
53,,WIDNES
53,,LIVERPOOL SOUTH PARKWAY
53,,LIVERPOOL LIME STREET
53,,MEADOWHALL
53,,BARNSLEY
53,,DONCASTER
53,,WAKEFIELD KIRKGATE
53,,WAKEFIELD WESTGATE
53,,LEEDS
53,,YORK
54,,"Liverpool, Manchester, Sheffield, Nottingham, Birmingham and Leicester to Peterborough, Ely, Cambridge, Stansted Airport,"
54,,Ipswich and Norwich
54,,LIVERPOOL LIME STREET
54,,LIVERPOOL SOUTH PARKWAY
54,,WIDNES
54,,WARRINGTON CENTRAL
54,,MANCHESTER OXFORD ROAD
54,,MANCHESTER PICCADILLY
54,,STOCKPORT
54,,SHEFFIELD
54,,CHESTERFIELD
54,,ALFRETON
54,,LANGLEY MILL
54,,ILKESTON
54,,NOTTINGHAM
54,,GRANTHAM
54,,BIRMINGHAM NEW STREET
54,,WATER ORTON
54,,COLESHILL PARKWAY
54,,NUNEATON
54,,HINCKLEY
54,,NARBOROUGH
54,,SOUTH WIGSTON
54,,LEICESTER
54,,MELTON MOWBRAY
54,,OAKHAM
54,,STAMFORD
54,,PETERBOROUGH
54,,MARCH
54,,ELY
54,,CAMBRIDGE
54,,STANSTED AIRPORT
54,,BURY ST EDMUNDS
54,,STOWMARKET
54,,IPSWICH
54,,THETFORD
54,,NORWICH
55,,Nottingham to Mansfield and Worksop
55,,NOTTINGHAM
55,,BULWELL
55,,HUCKNALL
55,,NEWSTEAD
55,,KIRKBY IN ASHFIELD
55,,SUTTON PARKWAY
55,,MANSFIELD
55,,MANSFIELD WOODHOUSE
55,,SHIREBROOK
55,,LANGWITH - WHALEY THORNS
55,,CRESWELL (DERBYS)
55,,WHITWELL
55,,WORKSOP
56,,"Nottingham to Derby, Matlock, Stoke-on-Trent, Crewe and Birmingham, Cardiff and Bristol"
56,,GRIMSBY TOWN
56,,LINCOLN
56,,NEWARK CASTLE
56,,NOTTINGHAM
56,,BEESTON
56,,ATTENBOROUGH
56,,LONG EATON
56,,SPONDON
56,,DERBY
56,,DUFFIELD
56,,BELPER
56,,AMBERGATE
56,,WHATSTANDWELL
56,,CROMFORD
56,,MATLOCK BATH
56,,MATLOCK
56,,PEARTREE
56,,TUTBURY & HATTON
56,,UTTOXETER
56,,BLYTHE BRIDGE
56,,LONGTON
56,,STOKE-ON-TRENT
56,,LONGPORT
56,,KIDSGROVE
56,,ALSAGER
56,,CREWE
56,,WILLINGTON
56,,BURTON-ON-TRENT
56,,TAMWORTH
56,,WILNECOTE
56,,WATER ORTON
56,,BIRMINGHAM NEW STREET
56,,UNIVERSITY
56,,WORCESTERSHIRE PARKWAY
56,,ASHCHURCH FOR TEWKESBURY
56,,CHELTENHAM SPA
56,,GLOUCESTER
56,,LYDNEY
56,,CHEPSTOW
56,,NEWPORT (SOUTH WALES)
56,,CARDIFF CENTRAL
56,,BRISTOL PARKWAY
56,,BRISTOL TEMPLE MEADS
57,,"Nottingham to Newark, Lincoln, Grimsby and Cleethorpes"
57,,CREWE
57,,STOKE-ON-TRENT
57,,DERBY
57,,LEICESTER
57,,LOUGHBOROUGH
57,,NOTTINGHAM
57,,CARLTON
57,,BURTON JOYCE
57,,LOWDHAM
57,,THURGARTON
57,,BLEASBY
57,,FISKERTON
57,,ROLLESTON
57,,NEWARK CASTLE
57,,LONDON KINGS CROSS
57,,STEVENAGE
57,,PETERBOROUGH
57,,GRANTHAM
57,,NEWARK NORTH GATE
57,,COLLINGHAM
57,,SWINDERBY
57,,HYKEHAM
57,,LINCOLN
57,,MARKET RASEN
57,,BARNETBY
57,,HABROUGH
57,,GRIMSBY TOWN
57,,CLEETHORPES
58,,"Nottingham to Grantham, Peterborough, Sleaford, Boston and Skegness"
58,,NOTTINGHAM
58,,NETHERFIELD
58,,RADCLIFFE (NOTTS)
58,,BINGHAM
58,,ASLOCKTON
58,,ELTON & ORSTON
58,,BOTTESFORD
58,,GRANTHAM
58,,PETERBOROUGH
58,,ANCASTER
58,,RAUCEBY
58,,SLEAFORD
58,,HECKINGTON
58,,SWINESHEAD
58,,HUBBERTS BRIDGE
58,,BOSTON
58,,THORPE CULVERT
58,,WAINFLEET
58,,HAVENHOUSE
58,,SKEGNESS
59,,"Peterborough to Spalding, Sleaford, Lincoln and Doncaster"
59,,PETERBOROUGH
59,,SPALDING
59,,SLEAFORD
59,,RUSKINGTON
59,,METHERINGHAM
59,,LINCOLN
59,,SAXILBY
59,,GAINSBOROUGH LEA ROAD
59,,DONCASTER
61,,"London to Willesden Junction, Harrow & Wealdstone and Watford Junction"
61,,LONDON EUSTON
61,,SOUTH HAMPSTEAD
61,,KILBURN HIGH ROAD
61,,QUEENS PARK (LONDON)
61,,KENSAL GREEN
61,,WILLESDEN JUNCTION
61,,HARLESDEN
61,,STONEBRIDGE PARK
61,,EAST CROYDON
61,,CLAPHAM JUNCTION
61,,IMPERIAL WHARF
61,,WEST BROMPTON
61,,KENSINGTON (OLYMPIA)
61,,SHEPHERD'S BUSH
61,,WEMBLEY CENTRAL
61,,NORTH WEMBLEY
61,,SOUTH KENTON
61,,KENTON
61,,HARROW & WEALDSTONE
61,,HEADSTONE LANE
61,,HATCH END
61,,CARPENDERS PARK
61,,BUSHEY
61,,WATFORD HIGH STREET
61,,WATFORD JUNCTION
62,,Watford Junction to St Albans Abbey
62,,WATFORD JUNCTION
62,,WATFORD NORTH
62,,GARSTON (HERTFORDSHIRE)
62,,BRICKET WOOD
62,,HOW WOOD
62,,PARK STREET
62,,ST ALBANS ABBEY
63,,Bletchley to Bedford
63,,BLETCHLEY
63,,FENNY STRATFORD
63,,BOW BRICKHILL
63,,WOBURN SANDS
63,,ASPLEY GUISE
63,,RIDGMONT
63,,LIDLINGTON
63,,MILLBROOK (BEDFORDSHIRE)
63,,STEWARTBY
63,,KEMPSTON HARDWICK
63,,BEDFORD ST JOHNS
63,,BEDFORD
64,,"London to Coventry, Birmingham, Wolverhampton, Telford and Shrewsbury"
64,,LONDON EUSTON
64,,WATFORD JUNCTION
64,,MILTON KEYNES CENTRAL
64,,RUGBY
64,,COVENTRY
64,,BIRMINGHAM INTERNATIONAL
64,,BIRMINGHAM NEW STREET
64,,SANDWELL & DUDLEY
64,,WOLVERHAMPTON
64,,TELFORD CENTRAL
64,,WELLINGTON (SHROPSHIRE)
64,,SHREWSBURY
65,,"London to Stoke-on-Trent, Crewe, North Wales, Manchester, Liverpool, Preston, Blackpool, Lancaster, Carlisle, Edinburgh"
65,,LONDON EUSTON
65,,WATFORD JUNCTION
65,,MILTON KEYNES CENTRAL
65,,RUGBY
65,,COVENTRY
65,,BIRMINGHAM INTERNATIONAL
65,,BIRMINGHAM NEW STREET
65,,SANDWELL & DUDLEY
65,,WOLVERHAMPTON
65,,NUNEATON
65,,TAMWORTH
65,,LICHFIELD TRENT VALLEY
65,,STAFFORD
65,,STOKE-ON-TRENT
65,,MACCLESFIELD
65,,CREWE
65,,WILMSLOW
65,,STOCKPORT
65,,MANCHESTER PICCADILLY
65,,CHESTER
65,,WREXHAM GENERAL
65,,FLINT
65,,PRESTATYN
65,,RHYL
65,,COLWYN BAY
65,,LLANDUDNO JUNCTION
65,,BANGOR (GWYNEDD)
65,,HOLYHEAD
65,,RUNCORN
65,,LIVERPOOL LIME STREET
65,,WARRINGTON BANK QUAY
65,,WIGAN NORTH WESTERN
65,,PRESTON
65,,KIRKHAM & WESHAM
65,,POULTON-LE-FYLDE
65,,BLACKPOOL NORTH
65,,LANCASTER
65,,OXENHOLME LAKE DISTRICT
65,,PENRITH NORTH LAKES
65,,CARLISLE
65,,LOCKERBIE
65,,HAYMARKET
65,,EDINBURGH
65,,MOTHERWELL
65,,GLASGOW CENTRAL
66,,"London, Milton Keynes and Rugby to Nuneaton, Tamworth, Lichfield, Stafford and Crewe"
66,,LONDON EUSTON
66,,WATFORD JUNCTION
66,,MILTON KEYNES CENTRAL
66,,NORTHAMPTON
66,,RUGBY
66,,NUNEATON
66,,ATHERSTONE
66,,TAMWORTH
66,,LICHFIELD TRENT VALLEY
66,,RUGELEY TRENT VALLEY
66,,STAFFORD
66,,CREWE
67,,"London to Milton Keynes, Northampton, Rugby, Coventry and Birmingham"
67,,LONDON EUSTON
67,,EAST CROYDON
67,,CLAPHAM JUNCTION
67,,WEMBLEY CENTRAL
67,,HARROW & WEALDSTONE
67,,BUSHEY
67,,WATFORD JUNCTION
67,,KINGS LANGLEY
67,,APSLEY
67,,HEMEL HEMPSTEAD
67,,BERKHAMSTED
67,,TRING
67,,CHEDDINGTON
67,,LEIGHTON BUZZARD
67,,BLETCHLEY
67,,MILTON KEYNES CENTRAL
67,,WOLVERTON
67,,NORTHAMPTON
67,,LONG BUCKBY
67,,RUGBY
67,,COVENTRY
67,,BIRMINGHAM INTERNATIONAL
67,,BIRMINGHAM NEW STREET
68,,"Rugby to Coventry, Birmingham and Wolverhampton"
68,,LONDON EUSTON
68,,WATFORD JUNCTION
68,,MILTON KEYNES CENTRAL
68,,NORTHAMPTON
68,,RUGBY
68,,COVENTRY
68,,CANLEY
68,,TILE HILL
68,,BERKSWELL
68,,HAMPTON-IN-ARDEN
68,,BIRMINGHAM INTERNATIONAL
68,,MARSTON GREEN
68,,LEA HALL
68,,STECHFORD
68,,ADDERLEY PARK
68,,BIRMINGHAM NEW STREET
68,,SMETHWICK ROLFE STREET
68,,SMETHWICK GALTON BRIDGE
68,,SANDWELL & DUDLEY
68,,DUDLEY PORT
68,,TIPTON
68,,COSELEY
68,,WOLVERHAMPTON
69,,"Wolverhampton and Birmingham to Walsall, Cannock and Rugeley"
69,,WOLVERHAMPTON
69,,COSELEY
69,,TIPTON
69,,DUDLEY PORT
69,,SANDWELL & DUDLEY
69,,SMETHWICK GALTON BRIDGE
69,,SMETHWICK ROLFE STREET
69,,COVENTRY
69,,BIRMINGHAM INTERNATIONAL
69,,MARSTON GREEN
69,,LEA HALL
69,,STECHFORD
69,,ADDERLEY PARK
69,,BIRMINGHAM NEW STREET
69,,DUDDESTON
69,,ASTON
69,,WITTON
69,,PERRY BARR
69,,HAMSTEAD
69,,TAME BRIDGE PARKWAY
69,,BESCOT STADIUM
69,,WALSALL
69,,BLOXWICH
69,,BLOXWICH NORTH
69,,LANDYWOOD
69,,CANNOCK
69,,HEDNESFORD
69,,RUGELEY TOWN
69,,RUGELEY TRENT VALLEY
70,,"Lichfield and Sutton Coldfield to Birmingham, Longbridge, Redditch and Bromsgrove"
70,,LICHFIELD TRENT VALLEY
70,,LICHFIELD CITY
70,,SHENSTONE
70,,BLAKE STREET
70,,BUTLERS LANE
70,,FOUR OAKS
70,,SUTTON COLDFIELD
70,,WYLDE GREEN
70,,CHESTER ROAD
70,,ERDINGTON
70,,GRAVELLY HILL
70,,ASTON
70,,DUDDESTON
70,,BIRMINGHAM NEW STREET
70,,FIVE WAYS
70,,UNIVERSITY
70,,SELLY OAK
70,,BOURNVILLE
70,,KINGS NORTON
70,,NORTHFIELD
70,,LONGBRIDGE
70,,BARNT GREEN
70,,ALVECHURCH
70,,REDDITCH
70,,BROMSGROVE
71,,Leamington Spa to Coventry and Nuneaton
71,,LEAMINGTON SPA
71,,KENILWORTH
71,,COVENTRY
71,,COVENTRY ARENA
71,,BEDWORTH
71,,BERMUDA PARK
71,,NUNEATON
72,,Leamington Spa to Warwick and Stratford-upon-Avon
72,,LONDON MARYLEBONE
72,,LEAMINGTON SPA
72,,WARWICK
72,,WARWICK PARKWAY
72,,HATTON
72,,CLAVERDON
72,,BEARLEY
72,,WILMCOTE
72,,STRATFORD PARKWAY
72,,STRATFORD-UPON-AVON
73,,"Leamington Spa and Stratford-upon-Avon to Birmingham, Stourbridge, Kidderminster and Worcester"
73,,STRATFORD-UPON-AVON
73,,STRATFORD PARKWAY
73,,WILMCOTE
73,,WOOTTON WAWEN
73,,HENLEY-IN-ARDEN
73,,DANZEY
73,,WOOD END
73,,THE LAKES
73,,EARLSWOOD (WEST MIDLANDS)
73,,WYTHALL
73,,WHITLOCKS END
73,,SHIRLEY
73,,YARDLEY WOOD
73,,HALL GREEN
73,,SPRING ROAD
73,,LONDON MARYLEBONE
73,,LEAMINGTON SPA
73,,WARWICK
73,,WARWICK PARKWAY
73,,HATTON
73,,LAPWORTH
73,,DORRIDGE
73,,WIDNEY MANOR
73,,SOLIHULL
73,,OLTON
73,,ACOCKS GREEN
73,,TYSELEY
73,,SMALL HEATH
73,,BIRMINGHAM NEW STREET
73,,BIRMINGHAM MOOR STREET
73,,BIRMINGHAM SNOW HILL
73,,JEWELLERY QUARTER
73,,THE HAWTHORNS
73,,SMETHWICK GALTON BRIDGE
73,,LANGLEY GREEN
73,,ROWLEY REGIS
73,,OLD HILL
73,,CRADLEY HEATH
73,,LYE
73,,STOURBRIDGE JUNCTION
73,,HAGLEY
73,,BLAKEDOWN
73,,KIDDERMINSTER
73,,HARTLEBURY
73,,DROITWICH SPA
73,,WORCESTER SHRUB HILL
73,,WORCESTER FOREGATE STREET
73,,MALVERN LINK
73,,GREAT MALVERN
73,,073A
73,,Stourbridge Junction to Stourbridge Town shuttle
73,,STOURBRIDGE JN (TOWN PLAT)
73,,STOURBRIDGE TOWN
74,,"Birmingham to Worcester, Great Malvern and Hereford"
74,,BIRMINGHAM MOOR STREET
74,,BIRMINGHAM SNOW HILL
74,,BIRMINGHAM NEW STREET
74,,UNIVERSITY
74,,BARNT GREEN
74,,BROMSGROVE
74,,DROITWICH SPA
74,,WORCESTERSHIRE PARKWAY
74,,WORCESTER SHRUB HILL
74,,WORCESTER FOREGATE STREET
74,,MALVERN LINK
74,,GREAT MALVERN
74,,COLWALL
74,,LEDBURY
74,,HEREFORD
75,,"Birmingham to Shrewsbury, Machynlleth, Aberystwyth, Barmouth, Pwllheli, Wrexham, Chester and North Wales"
75,,BIRMINGHAM INTERNATIONAL
75,,BIRMINGHAM NEW STREET
75,,SMETHWICK GALTON BRIDGE
75,,SANDWELL & DUDLEY
75,,WOLVERHAMPTON
75,,BILBROOK
75,,CODSALL
75,,ALBRIGHTON
75,,COSFORD
75,,SHIFNAL
75,,TELFORD CENTRAL
75,,OAKENGATES
75,,WELLINGTON (SHROPSHIRE)
75,,SHREWSBURY
75,,WELSHPOOL
75,,NEWTOWN (POWYS)
75,,CAERSWS
75,,MACHYNLLETH
75,,DOVEY JUNCTION
75,,BORTH
75,,BOW STREET
75,,ABERYSTWYTH
75,,PENHELIG
75,,ABERDOVEY
75,,TYWYN
75,,TONFANAU
75,,LLWYNGWRIL
75,,FAIRBOURNE
75,,MORFA MAWDDACH
75,,BARMOUTH
75,,LLANABER
75,,TALYBONT
75,,DYFFRYN ARDUDWY
75,,LLANBEDR
75,,PENSARN
75,,LLANDANWG
75,,HARLECH
75,,TYGWYN
75,,TALSARNAU
75,,LLANDECWYN
75,,PENRHYNDEUDRAETH
75,,MINFFORDD
75,,PORTHMADOG
75,,CRICCIETH
75,,PENYCHAIN
75,,ABERERCH
75,,PWLLHELI
75,,GOBOWEN
75,,CHIRK
75,,RUABON
75,,WREXHAM GENERAL
75,,CHESTER
75,,RHYL
75,,COLWYN BAY
75,,LLANDUDNO JUNCTION
75,,LLANDUDNO
75,,BANGOR (GWYNEDD)
75,,HOLYHEAD
76,,"Birmingham and Coventry to Stafford, Stoke-on-Trent, Crewe, Manchester and Liverpool"
76,,COVENTRY
76,,BIRMINGHAM INTERNATIONAL
76,,BIRMINGHAM NEW STREET
76,,SMETHWICK GALTON BRIDGE
76,,SANDWELL & DUDLEY
76,,COSELEY
76,,WOLVERHAMPTON
76,,PENKRIDGE
76,,STAFFORD
76,,STONE
76,,STOKE-ON-TRENT
76,,LONGPORT
76,,KIDSGROVE
76,,ALSAGER
76,,CREWE
76,,WILMSLOW
76,,MACCLESFIELD
76,,STOCKPORT
76,,MANCHESTER PICCADILLY
76,,WINSFORD
76,,HARTFORD
76,,ACTON BRIDGE
76,,RUNCORN
76,,LIVERPOOL SOUTH PARKWAY
76,,MOSSLEY HILL
76,,LIVERPOOL LIME STREET
77,,"Manchester, Leeds, Liverpool, London, Birmingham, Cardiff and Crewe to Chester, Rhyl, Llandudno, Bangor and Holyhead"
77,,LEEDS
77,,BRADFORD INTERCHANGE
77,,HALIFAX
77,,ROCHDALE
77,,MANCHESTER AIRPORT
77,,EAST DIDSBURY
77,,MANCHESTER PICCADILLY
77,,MANCHESTER OXFORD ROAD
77,,MANCHESTER VICTORIA
77,,ECCLES
77,,NEWTON-LE-WILLOWS
77,,EARLESTOWN
77,,WARRINGTON BANK QUAY
77,,RUNCORN EAST
77,,LIVERPOOL LIME STREET
77,,LIVERPOOL SOUTH PARKWAY
77,,RUNCORN
77,,FRODSHAM
77,,HELSBY
77,,INCE & ELTON
77,,STANLOW & THORNTON
77,,ELLESMERE PORT
77,,LONDON EUSTON
77,,MILTON KEYNES CENTRAL
77,,BIRMINGHAM INTERNATIONAL
77,,BIRMINGHAM NEW STREET
77,,WOLVERHAMPTON
77,,STAFFORD
77,,CARDIFF CENTRAL
77,,SHREWSBURY
77,,WREXHAM GENERAL
77,,CREWE
77,,CHESTER
77,,SHOTTON
77,,FLINT
77,,PRESTATYN
77,,RHYL
77,,ABERGELE & PENSARN
77,,COLWYN BAY
77,,BLAENAU FFESTINIOG
77,,BETWS-Y-COED
77,,LLANRWST
77,,LLANDUDNO JUNCTION
77,,DEGANWY
77,,LLANDUDNO
77,,CONWY
77,,PENMAENMAWR
77,,LLANFAIRFECHAN
77,,BANGOR (GWYNEDD)
77,,LLANFAIRPWLL
77,,BODORGAN
77,,TY CROES
77,,RHOSNEIGR
77,,VALLEY
77,,HOLYHEAD
78,,Llandudno to Blaenau Ffestiniog
78,,LLANDUDNO
78,,DEGANWY
78,,LLANDUDNO JUNCTION
78,,GLAN CONWY
78,,TAL-Y-CAFN
78,,DOLGARROG
78,,NORTH LLANRWST
78,,LLANRWST
78,,BETWS-Y-COED
78,,PONT-Y-PANT
78,,DOLWYDDELAN
78,,ROMAN BRIDGE
78,,BLAENAU FFESTINIOG
80,,"Liverpool and Birkenhead to Hooton, Ellesmere Port and Chester"
80,,MOORFIELDS
80,,LIVERPOOL LIME STREET
80,,LIVERPOOL CENTRAL
80,,JAMES STREET
80,,HAMILTON SQUARE
80,,BIRKENHEAD CENTRAL
80,,GREEN LANE
80,,ROCK FERRY
80,,BEBINGTON
80,,PORT SUNLIGHT
80,,SPITAL
80,,BROMBOROUGH RAKE
80,,BROMBOROUGH
80,,EASTHAM RAKE
80,,HOOTON
80,,LITTLE SUTTON
80,,OVERPOOL
80,,ELLESMERE PORT
80,,CAPENHURST
80,,BACHE
80,,CHESTER
81,,"Liverpool and Birkenhead to New Brighton, Bidston, West Kirby, Shotton and Wrexham"
81,,MOORFIELDS
81,,LIVERPOOL LIME STREET
81,,LIVERPOOL CENTRAL
81,,JAMES STREET
81,,HAMILTON SQUARE
81,,CONWAY PARK
81,,BIRKENHEAD PARK
81,,BIRKENHEAD NORTH
81,,WALLASEY VILLAGE
81,,WALLASEY GROVE ROAD
81,,NEW BRIGHTON
81,,BIDSTON
81,,LEASOWE
81,,MORETON (MERSEYSIDE)
81,,MEOLS
81,,MANOR ROAD
81,,HOYLAKE
81,,WEST KIRBY
81,,UPTON
81,,HESWALL
81,,NESTON
81,,HAWARDEN BRIDGE
81,,SHOTTON
81,,HAWARDEN
81,,BUCKLEY
81,,PENYFFORDD
81,,HOPE (FLINTSHIRE)
81,,CAERGWRLE
81,,CEFN-Y-BEDD
81,,GWERSYLLT
81,,WREXHAM GENERAL
81,,WREXHAM CENTRAL
82,,Hunts Cross to Liverpool and Southport
82,,HUNTS CROSS
82,,LIVERPOOL SOUTH PARKWAY
82,,CRESSINGTON
82,,AIGBURTH
82,,ST MICHAELS
82,,BRUNSWICK
82,,LIVERPOOL CENTRAL
82,,MOORFIELDS
82,,SANDHILLS
82,,BANK HALL
82,,BOOTLE ORIEL ROAD
82,,BOOTLE NEW STRAND
82,,SEAFORTH & LITHERLAND
82,,WATERLOO (MERSEYSIDE)
82,,BLUNDELLSANDS & CROSBY
82,,HALL ROAD
82,,HIGHTOWN
82,,FORMBY
82,,FRESHFIELD
82,,AINSDALE
82,,HILLSIDE
82,,BIRKDALE
82,,SOUTHPORT
83,,"Liverpool to Kirkby, Headbolt Lane, Wigan, Ormskirk and Preston"
83,,LIVERPOOL CENTRAL
83,,MOORFIELDS
83,,SANDHILLS
83,,KIRKDALE
83,,RICE LANE
83,,FAZAKERLEY
83,,KIRKBY
83,,HEADBOLT LANE
83,,RAINFORD
83,,UPHOLLAND
83,,ORRELL
83,,PEMBERTON
83,,WIGAN WALLGATE
83,,WALTON (MERSEYSIDE)
83,,ORRELL PARK
83,,AINTREE
83,,OLD ROAN
83,,MAGHULL
83,,MAGHULL NORTH
83,,TOWN GREEN
83,,AUGHTON PARK
83,,ORMSKIRK
83,,BURSCOUGH JUNCTION
83,,RUFFORD
83,,CROSTON
83,,PRESTON
84,,"Liverpool to Huyton, St Helens, Wigan, Preston and Blackpool"
84,,LIVERPOOL LIME STREET
84,,EDGE HILL
84,,WAVERTREE TECHNOLOGY PARK
84,,BROAD GREEN
84,,ROBY
84,,HUYTON
84,,PRESCOT
84,,ECCLESTON PARK
84,,THATTO HEATH
84,,ST HELENS CENTRAL
84,,GARSWOOD
84,,BRYN
84,,WIGAN NORTH WESTERN
84,,EUXTON BALSHAW LANE
84,,LEYLAND
84,,PRESTON
84,,KIRKHAM & WESHAM
84,,POULTON-LE-FYLDE
84,,BLACKPOOL NORTH
85,,"Liverpool to Earlestown, Warrington (Bank Quay), Newton-Le-Willows and Manchester"
85,,LIVERPOOL LIME STREET
85,,EDGE HILL
85,,WAVERTREE TECHNOLOGY PARK
85,,BROAD GREEN
85,,ROBY
85,,HUYTON
85,,WHISTON
85,,RAINHILL
85,,LEA GREEN
85,,ST HELENS JUNCTION
85,,WARRINGTON BANK QUAY
85,,EARLESTOWN
85,,WARRINGTON BANK QUAY
85,,NEWTON-LE-WILLOWS
85,,PATRICROFT
85,,ECCLES
85,,MANCHESTER VICTORIA
85,,DEANSGATE
85,,MANCHESTER OXFORD ROAD
85,,MANCHESTER PICCADILLY
85,,MAULDETH ROAD
85,,BURNAGE
85,,EAST DIDSBURY
85,,GATLEY
85,,HEALD GREEN
85,,MANCHESTER AIRPORT
85,,WILMSLOW
85,,ALDERLEY EDGE
85,,CREWE
86,,"Liverpool to Runcorn, Warrington (Central) and Manchester"
86,,LIVERPOOL LIME STREET
86,,EDGE HILL
86,,MOSSLEY HILL
86,,WEST ALLERTON
86,,LIVERPOOL SOUTH PARKWAY
86,,RUNCORN
86,,HUNTS CROSS
86,,HALEWOOD
86,,HOUGH GREEN
86,,WIDNES
86,,SANKEY FOR PENKETH
86,,WARRINGTON WEST
86,,WARRINGTON CENTRAL
86,,PADGATE
86,,BIRCHWOOD
86,,GLAZEBROOK
86,,IRLAM
86,,FLIXTON
86,,CHASSEN ROAD
86,,URMSTON
86,,HUMPHREY PARK
86,,TRAFFORD PARK
86,,DEANSGATE
86,,MANCHESTER OXFORD ROAD
86,,MANCHESTER PICCADILLY
86,,STOCKPORT
86,,SHEFFIELD
86,,MAULDETH ROAD
86,,EAST DIDSBURY
86,,MANCHESTER AIRPORT
87,,Liverpool to Manchester (Summary)
87,,LIVERPOOL LIME STREET
87,,LIVERPOOL SOUTH PARKWAY
87,,DEANSGATE
87,,MANCHESTER OXFORD ROAD
87,,MANCHESTER PICCADILLY
87,,MANCHESTER AIRPORT
87,,MANCHESTER VICTORIA
90,,Manchester to Manchester Airport
90,,MANCHESTER VICTORIA
90,,SALFORD CRESCENT
90,,DEANSGATE
90,,MANCHESTER OXFORD ROAD
90,,MANCHESTER PICCADILLY
90,,MAULDETH ROAD
90,,BURNAGE
90,,EAST DIDSBURY
90,,GATLEY
90,,HEALD GREEN
90,,MANCHESTER AIRPORT
91,,Manchester to Stockport
91,,MANCHESTER OXFORD ROAD
91,,MANCHESTER PICCADILLY
91,,LEVENSHULME
91,,HEATON CHAPEL
91,,STOCKPORT
92,,"Manchester and Stockport to Altrincham, Knutsford, Northwich and Chester"
92,,MANCHESTER PICCADILLY
92,,STOCKPORT
92,,NAVIGATION ROAD
92,,ALTRINCHAM
92,,HALE
92,,ASHLEY
92,,MOBBERLEY
92,,KNUTSFORD
92,,PLUMLEY
92,,LOSTOCK GRALAM
92,,NORTHWICH
92,,GREENBANK
92,,CUDDINGTON
92,,DELAMERE
92,,MOULDSWORTH
92,,CHESTER
93,,"Manchester, Stockport and Manchester Airport to Wilmslow and Crewe"
93,,MANCHESTER PICCADILLY
93,,LEVENSHULME
93,,HEATON CHAPEL
93,,STOCKPORT
93,,CHEADLE HULME
93,,HANDFORTH
93,,MAULDETH ROAD
93,,BURNAGE
93,,EAST DIDSBURY
93,,GATLEY
93,,HEALD GREEN
93,,MANCHESTER AIRPORT
93,,STYAL
93,,WILMSLOW
93,,ALDERLEY EDGE
93,,CHELFORD
93,,GOOSTREY
93,,HOLMES CHAPEL
93,,SANDBACH
93,,CREWE
94,,Manchester and Stockport to Macclesfield and Stoke-on-Trent
94,,MANCHESTER PICCADILLY
94,,LEVENSHULME
94,,HEATON CHAPEL
94,,STOCKPORT
94,,CHEADLE HULME
94,,BRAMHALL
94,,POYNTON
94,,ADLINGTON (CHESHIRE)
94,,PRESTBURY
94,,MACCLESFIELD
94,,CONGLETON
94,,KIDSGROVE
94,,STOKE-ON-TRENT
95,,Manchester and Stockport to Hazel Grove and Buxton
95,,MANCHESTER PICCADILLY
95,,LEVENSHULME
95,,HEATON CHAPEL
95,,STOCKPORT
95,,DAVENPORT
95,,WOODSMOOR
95,,HAZEL GROVE
95,,MIDDLEWOOD
95,,DISLEY
95,,NEW MILLS NEWTOWN
95,,FURNESS VALE
95,,WHALEY BRIDGE
95,,CHAPEL-EN-LE-FRITH
95,,DOVE HOLES
95,,BUXTON
96,,"Manchester to Romiley, Rose Hill, Marple, New Mills and Sheffield"
96,,LIVERPOOL LIME STREET
96,,WARRINGTON CENTRAL
96,,MANCHESTER OXFORD ROAD
96,,MANCHESTER PICCADILLY
96,,STOCKPORT
96,,ASHBURYS
96,,BELLE VUE
96,,RYDER BROW
96,,REDDISH NORTH
96,,BRINNINGTON
96,,BREDBURY
96,,GORTON
96,,FAIRFIELD
96,,GUIDE BRIDGE
96,,HYDE NORTH
96,,HYDE CENTRAL
96,,WOODLEY
96,,ROMILEY
96,,ROSE HILL MARPLE
96,,MARPLE
96,,STRINES
96,,NEW MILLS CENTRAL
96,,CHINLEY
96,,EDALE
96,,HOPE (DERBYSHIRE)
96,,BAMFORD
96,,HATHERSAGE
96,,GRINDLEFORD
96,,DORE & TOTLEY
96,,SHEFFIELD
97,,"Manchester to Guide Bridge, Glossop and Hadfield"
97,,MANCHESTER PICCADILLY
97,,ARDWICK
97,,ASHBURYS
97,,GORTON
97,,FAIRFIELD
97,,GUIDE BRIDGE
97,,FLOWERY FIELD
97,,NEWTON FOR HYDE
97,,GODLEY
97,,HATTERSLEY
97,,BROADBOTTOM
97,,DINTING
97,,GLOSSOP
97,,HADFIELD
98,,Manchester to Stalybridge
98,,WIGAN WALLGATE
98,,BOLTON
98,,SALFORD CRESCENT
98,,SALFORD CENTRAL
98,,MANCHESTER PICCADILLY
98,,MANCHESTER VICTORIA
98,,ASHTON-UNDER-LYNE
98,,STALYBRIDGE
99,,Manchester to Bolton
99,,MANCHESTER AIRPORT
99,,MANCHESTER PICCADILLY
99,,MANCHESTER OXFORD ROAD
99,,DEANSGATE
99,,ROCHDALE
99,,STALYBRIDGE
99,,ASHTON-UNDER-LYNE
99,,MANCHESTER VICTORIA
99,,SALFORD CENTRAL
99,,SALFORD CRESCENT
99,,CLIFTON
99,,KEARSLEY
99,,FARNWORTH
99,,MOSES GATE
99,,BOLTON
100,,"Manchester, Liverpool, London, Birmingham and Preston to Lancaster, Carnforth, Barrow-in-Furness, Windermere, Carlisle,"
100,,Edinburgh and Glasgow
100,,LONDON EUSTON
100,,WATFORD JUNCTION
100,,MILTON KEYNES CENTRAL
100,,RUGBY
100,,COVENTRY
100,,BIRMINGHAM INTERNATIONAL
100,,BIRMINGHAM NEW STREET
100,,SANDWELL & DUDLEY
100,,WOLVERHAMPTON
100,,CREWE
100,,WARRINGTON BANK QUAY
100,,MANCHESTER AIRPORT
100,,HEALD GREEN
100,,EAST DIDSBURY
100,,BURNAGE
100,,MANCHESTER PICCADILLY
100,,MANCHESTER OXFORD ROAD
100,,MANCHESTER VICTORIA
100,,BOLTON
100,,LIVERPOOL LIME STREET
100,,ST HELENS CENTRAL
100,,WIGAN NORTH WESTERN
100,,PRESTON
100,,LANCASTER
100,,CARNFORTH
100,,SILVERDALE
100,,ARNSIDE
100,,GRANGE-OVER-SANDS
100,,KENTS BANK
100,,CARK
100,,ULVERSTON
100,,DALTON
100,,ROOSE
100,,BARROW-IN-FURNESS
100,,OXENHOLME LAKE DISTRICT
100,,KENDAL
100,,BURNESIDE
100,,STAVELEY
100,,WINDERMERE
100,,PENRITH NORTH LAKES
100,,CARLISLE
100,,LOCKERBIE
100,,HAYMARKET
100,,EDINBURGH
100,,MOTHERWELL
100,,GLASGOW CENTRAL
101,,"Manchester and Bolton to Wigan, Headbolt Lane and Southport"
101,,LEEDS
101,,BLACKBURN
101,,ROCHDALE
101,,STALYBRIDGE
101,,ASHTON-UNDER-LYNE
101,,MANCHESTER VICTORIA
101,,SALFORD CENTRAL
101,,MANCHESTER PICCADILLY
101,,MANCHESTER OXFORD ROAD
101,,DEANSGATE
101,,SALFORD CRESCENT
101,,SWINTON
101,,MOORSIDE
101,,WALKDEN
101,,ATHERTON
101,,HAG FOLD
101,,DAISY HILL
101,,CLIFTON
101,,KEARSLEY
101,,FARNWORTH
101,,MOSES GATE
101,,BOLTON
101,,WESTHOUGHTON
101,,HINDLEY
101,,INCE
101,,WIGAN NORTH WESTERN
101,,WIGAN WALLGATE
101,,PEMBERTON
101,,ORRELL
101,,UPHOLLAND
101,,RAINFORD
101,,HEADBOLT LANE
101,,GATHURST
101,,APPLEY BRIDGE
101,,PARBOLD
101,,HOSCAR
101,,BURSCOUGH BRIDGE
101,,NEW LANE
101,,BESCAR LANE
101,,MEOLS COP
101,,SOUTHPORT
102,,Manchester and Bolton to Preston and Blackpool
102,,MANCHESTER AIRPORT
102,,HEALD GREEN
102,,GATLEY
102,,EAST DIDSBURY
102,,MANCHESTER PICCADILLY
102,,MANCHESTER OXFORD ROAD
102,,DEANSGATE
102,,MANCHESTER VICTORIA
102,,SALFORD CENTRAL
102,,SALFORD CRESCENT
102,,BOLTON
102,,LOSTOCK
102,,HORWICH PARKWAY
102,,BLACKROD
102,,ADLINGTON (LANCASHIRE)
102,,CHORLEY
102,,BUCKSHAW PARKWAY
102,,LONDON EUSTON
102,,BIRMINGHAM NEW STREET
102,,LIVERPOOL LIME STREET
102,,ST HELENS CENTRAL
102,,WIGAN NORTH WESTERN
102,,LEYLAND
102,,PRESTON
102,,SALWICK
102,,KIRKHAM & WESHAM
102,,MOSS SIDE
102,,LYTHAM
102,,ANSDELL & FAIRHAVEN
102,,ST ANNES-ON-THE-SEA
102,,SQUIRES GATE
102,,BLACKPOOL PLEASURE BEACH
102,,BLACKPOOL SOUTH
102,,POULTON-LE-FYLDE
102,,LAYTON
102,,BLACKPOOL NORTH
103,,Manchester and Bolton to Blackburn and Clitheroe
103,,ROCHDALE
103,,CASTLETON
103,,MILLS HILL
103,,MOSTON
103,,MANCHESTER VICTORIA
103,,SALFORD CENTRAL
103,,SALFORD CRESCENT
103,,BOLTON
103,,HALL I' TH' WOOD
103,,BROMLEY CROSS
103,,ENTWISTLE
103,,DARWEN
103,,BLACKBURN
103,,RAMSGREAVE & WILPSHIRE
103,,LANGHO
103,,WHALLEY
103,,CLITHEROE
104,,"Manchester to Rochdale, Todmorden, Burnley, Accrington and Blackburn"
104,,BOLTON
104,,SALFORD CRESCENT
104,,SALFORD CENTRAL
104,,MANCHESTER VICTORIA
104,,MOSTON
104,,MILLS HILL
104,,CASTLETON
104,,ROCHDALE
104,,SMITHY BRIDGE
104,,LITTLEBOROUGH
104,,WALSDEN
104,,TODMORDEN
104,,BURNLEY MANCHESTER ROAD
104,,ROSE GROVE
104,,ACCRINGTON
104,,BLACKBURN
105,,"Blackpool and Preston to Blackburn, Accrington, Burnley, Rochdale, Manchester, Bradford, Leeds, York and Colne"
105,,BLACKPOOL NORTH
105,,BLACKPOOL SOUTH
105,,PRESTON
105,,LOSTOCK HALL
105,,BAMBER BRIDGE
105,,PLEASINGTON
105,,CHERRY TREE
105,,MILL HILL (LANCASHIRE)
105,,BLACKBURN
105,,RISHTON
105,,CHURCH & OSWALDTWISTLE
105,,ACCRINGTON
105,,HUNCOAT
105,,HAPTON
105,,ROSE GROVE
105,,BURNLEY MANCHESTER ROAD
105,,TODMORDEN
105,,ROCHDALE
105,,MANCHESTER VICTORIA
105,,HALIFAX
105,,BRADFORD INTERCHANGE
105,,LEEDS
105,,YORK
105,,BURNLEY BARRACKS
105,,BURNLEY CENTRAL
105,,BRIERFIELD
105,,NELSON
105,,COLNE
106,,Lancaster and Carnforth to Morecambe and Heysham Port
106,,CARNFORTH
106,,LANCASTER
106,,BARE LANE
106,,MORECAMBE
106,,HEYSHAM PORT
107,,"Barrow-in-Furness to Millom, Whitehaven, Workington, Maryport and Carlisle"
107,,PRESTON
107,,LANCASTER
107,,CARNFORTH
107,,BARROW-IN-FURNESS
107,,ASKAM
107,,KIRKBY-IN-FURNESS
107,,FOXFIELD
107,,GREEN ROAD
107,,MILLOM
107,,SILECROFT
107,,BOOTLE
107,,RAVENGLASS FOR ESKDALE
107,,DRIGG
107,,SEASCALE
107,,SELLAFIELD
107,,BRAYSTONES
107,,NETHERTOWN
107,,ST BEES
107,,CORKICKLE
107,,WHITEHAVEN
107,,PARTON
107,,HARRINGTON
107,,WORKINGTON
107,,FLIMBY
107,,MARYPORT
107,,ASPATRIA
107,,WIGTON
107,,DALSTON
107,,CARLISLE
112,,London to Amersham and Aylesbury
112,,LONDON MARYLEBONE
112,,HARROW-ON-THE-HILL
112,,RICKMANSWORTH
112,,CHORLEYWOOD
112,,CHALFONT & LATIMER
112,,AMERSHAM
112,,GREAT MISSENDEN
112,,WENDOVER
112,,STOKE MANDEVILLE
112,,AYLESBURY
112,,AYLESBURY VALE PARKWAY
113,,"London to High Wycombe, Aylesbury, Bicester, Oxford, Banbury, Leamington Spa, Stratford-upon-Avon and Birmingham"
113,,LONDON MARYLEBONE
113,,WEMBLEY STADIUM
113,,SUDBURY & HARROW ROAD
113,,SUDBURY HILL HARROW
113,,NORTHOLT PARK
113,,SOUTH RUISLIP
113,,WEST RUISLIP
113,,DENHAM
113,,DENHAM GOLF CLUB
113,,GERRARDS CROSS
113,,SEER GREEN
113,,BEACONSFIELD
113,,HIGH WYCOMBE
113,,SAUNDERTON
113,,PRINCES RISBOROUGH
113,,MONKS RISBOROUGH
113,,LITTLE KIMBLE
113,,AYLESBURY
113,,HADDENHAM & THAME PARKWAY
113,,BICESTER VILLAGE
113,,ISLIP
113,,OXFORD PARKWAY
113,,OXFORD
113,,BICESTER NORTH
113,,KINGS SUTTON
113,,BANBURY
113,,LEAMINGTON SPA
113,,WARWICK
113,,WARWICK PARKWAY
113,,HATTON
113,,CLAVERDON
113,,BEARLEY
113,,WILMCOTE
113,,STRATFORD PARKWAY
113,,STRATFORD-UPON-AVON
113,,LAPWORTH
113,,DORRIDGE
113,,SOLIHULL
113,,BIRMINGHAM MOOR STREET
113,,BIRMINGHAM SNOW HILL
113,,STOURBRIDGE JUNCTION
113,,KIDDERMINSTER
115,,"Reading, Oxford and Banbury to Leamington Spa and Birmingham (Summary)"
115,,READING
115,,OXFORD
115,,BANBURY
115,,LEAMINGTON SPA
115,,BIRMINGHAM INTERNATIONAL
115,,BIRMINGHAM NEW STREET
115,,BIRMINGHAM MOOR STREET
115,,BIRMINGHAM SNOW HILL
116,,"Shenfield, Abbey Wood and Canary Wharf to Ealing Broadway, Greenford, Heathrow Airport, Slough, Maidenhead and Reading"
116,,via Central London
116,,SHENFIELD
116,,BRENTWOOD
116,,HAROLD WOOD
116,,GIDEA PARK
116,,ROMFORD
116,,CHADWELL HEATH
116,,GOODMAYES
116,,SEVEN KINGS
116,,ILFORD
116,,MANOR PARK
116,,FOREST GATE
116,,MARYLAND
116,,STRATFORD
116,,ABBEY WOOD
116,,WOOLWICH
116,,CUSTOM HOUSE
116,,CANARY WHARF
116,,WHITECHAPEL
116,,LONDON LIVERPOOL STREET
116,,FARRINGDON
116,,TOTTENHAM COURT ROAD
116,,BOND STREET
116,,LONDON PADDINGTON
116,,ACTON MAIN LINE
116,,EALING BROADWAY
116,,WEST EALING
116,,DRAYTON GREEN
116,,CASTLE BAR PARK
116,,SOUTH GREENFORD
116,,GREENFORD
116,,HANWELL
116,,SOUTHALL
116,,HAYES & HARLINGTON
116,,HEATHROW TERMINALS &
116,,HEATHROW TERMINAL
116,,HEATHROW TERMINAL
116,,WEST DRAYTON
116,,IVER
116,,LANGLEY
116,,SLOUGH
116,,BURNHAM
116,,TAPLOW
116,,MAIDENHEAD
116,,TWYFORD
116,,READING
116,,DIDCOT PARKWAY
116,,OXFORD
117,,Slough to Windsor & Eton Central
117,,SLOUGH
117,,WINDSOR & ETON CENTRAL
118,,Maidenhead to Bourne End and Marlow
118,,MAIDENHEAD
118,,FURZE PLATT
118,,COOKHAM
118,,BOURNE END
118,,MARLOW
119,,Twyford to Henley-on-Thames
119,,TWYFORD
119,,WARGRAVE
119,,SHIPLAKE
119,,HENLEY-ON-THAMES
120,,Reading to Basingstoke
120,,READING
120,,READING WEST
120,,READING GREEN PARK
120,,MORTIMER
120,,BRAMLEY (HANTS)
120,,BASINGSTOKE
121,,"London to Reading (summary of first, fast and last services)"
121,,LONDON PADDINGTON
121,,READING
122,,"London and Reading to Newbury, Bedwyn and Westbury"
122,,LONDON PADDINGTON
122,,SLOUGH
122,,MAIDENHEAD
122,,TWYFORD
122,,READING
122,,READING WEST
122,,THEALE
122,,ALDERMASTON
122,,MIDGHAM
122,,THATCHAM
122,,NEWBURY RACECOURSE
122,,NEWBURY
122,,KINTBURY
122,,HUNGERFORD
122,,BEDWYN
122,,PEWSEY
122,,WESTBURY
123,,"London and Reading to Didcot Parkway, Oxford and Banbury"
123,,LONDON PADDINGTON
123,,EALING BROADWAY
123,,SOUTHALL
123,,HAYES & HARLINGTON
123,,WEST DRAYTON
123,,SLOUGH
123,,MAIDENHEAD
123,,TWYFORD
123,,READING
123,,TILEHURST
123,,PANGBOURNE
123,,GORING & STREATLEY
123,,CHOLSEY
123,,DIDCOT PARKWAY
123,,APPLEFORD
123,,CULHAM
123,,RADLEY
123,,OXFORD
123,,TACKLEY
123,,HEYFORD
123,,KINGS SUTTON
123,,BANBURY
124,,"London and Reading to Oxford, Evesham, Worcester, Great Malvern and Hereford"
124,,LONDON PADDINGTON
124,,SLOUGH
124,,READING
124,,DIDCOT PARKWAY
124,,OXFORD
124,,HANBOROUGH
124,,COMBE
124,,FINSTOCK
124,,CHARLBURY
124,,ASCOTT-UNDER-WYCHWOOD
124,,SHIPTON
124,,KINGHAM
124,,MORETON-IN-MARSH
124,,HONEYBOURNE
124,,EVESHAM
124,,PERSHORE
124,,WORCESTERSHIRE PARKWAY
124,,WORCESTER SHRUB HILL
124,,WORCESTER FOREGATE STREET
124,,MALVERN LINK
124,,GREAT MALVERN
124,,COLWALL
124,,LEDBURY
124,,HEREFORD
125,,"London and Reading to Swindon, Cheltenham Spa, Bath, Bristol, Weston-Super-Mare, Cardiff, Swansea and West Wales"
125,,LONDON PADDINGTON
125,,READING
125,,DIDCOT PARKWAY
125,,SWINDON
125,,KEMBLE
125,,STROUD
125,,STONEHOUSE
125,,GLOUCESTER
125,,CHELTENHAM SPA
125,,CHIPPENHAM
125,,MELKSHAM
125,,TROWBRIDGE
125,,WESTBURY
125,,BATH SPA
125,,BRISTOL PARKWAY
125,,BRISTOL TEMPLE MEADS
125,,NAILSEA & BACKWELL
125,,YATTON
125,,WORLE
125,,WESTON MILTON
125,,WESTON-SUPER-MARE
125,,HIGHBRIDGE & BURNHAM
125,,BRIDGWATER
125,,TAUNTON
125,,NEWPORT (SOUTH WALES)
125,,CARDIFF CENTRAL
125,,BRIDGEND
125,,PORT TALBOT PARKWAY
125,,NEATH
125,,SWANSEA
125,,LLANELLI
125,,PEMBREY & BURRY PORT
125,,CARMARTHEN
126,,"Cardiff to Bridgend, Maesteg, Swansea, Carmarthen, Tenby, Pembroke Dock, Milford Haven and Fishguard"
126,,LONDON PADDINGTON
126,,READING
126,,MANCHESTER PICCADILLY
126,,CHELTENHAM SPA
126,,GLOUCESTER
126,,NEWPORT (SOUTH WALES)
126,,CARDIFF CENTRAL
126,,PONTYCLUN
126,,LLANHARAN
126,,PENCOED
126,,BRIDGEND
126,,WILDMILL
126,,SARN
126,,TONDU
126,,GARTH (MID GLAMORGAN)
126,,MAESTEG (EWENNY ROAD)
126,,MAESTEG
126,,PYLE
126,,PORT TALBOT PARKWAY
126,,BAGLAN
126,,BRITON FERRY
126,,NEATH
126,,SKEWEN
126,,LLANSAMLET
126,,SWANSEA
126,,GOWERTON
126,,LLANELLI
126,,PEMBREY & BURRY PORT
126,,KIDWELLY
126,,FERRYSIDE
126,,CARMARTHEN
126,,WHITLAND
126,,NARBERTH
126,,KILGETTY
126,,SAUNDERSFOOT
126,,TENBY
126,,PENALLY
126,,MANORBIER
126,,LAMPHEY
126,,PEMBROKE
126,,PEMBROKE DOCK
126,,CLUNDERWEN
126,,CLARBESTON ROAD
126,,HAVERFORDWEST
126,,JOHNSTON
126,,MILFORD HAVEN
126,,FISHGUARD & GOODWICK
126,,FISHGUARD HARBOUR
127,,"Bridgend, Barry and Penarth to Cardiff, Coryton, Caerphilly, Rhymney, Pontypridd, Treherbert, Aberdare and Merthyr Tydfil"
127,,BRIDGEND
127,,LLANTWIT MAJOR
127,,RHOOSE CARDIFF INT AIRPORT
127,,BARRY ISLAND
127,,BARRY
127,,BARRY DOCKS
127,,CADOXTON
127,,DINAS POWYS
127,,EASTBROOK
127,,COGAN
127,,PENARTH
127,,DINGLE ROAD
127,,GRANGETOWN
127,,CARDIFF CENTRAL
127,,CARDIFF BAY
127,,CARDIFF QUEEN STREET
127,,HEATH HIGH LEVEL
127,,HEATH LOW LEVEL
127,,TY GLAS
127,,BIRCHGROVE
127,,RHIWBINA
127,,WHITCHURCH (CARDIFF)
127,,CORYTON
127,,LLANISHEN
127,,LISVANE & THORNHILL
127,,CAERPHILLY
127,,ABER
127,,ENERGLYN & CHURCHILL PARK
127,,LLANBRADACH
127,,YSTRAD MYNACH
127,,HENGOED
127,,PENGAM
127,,GILFACH FARGOED
127,,BARGOED
127,,BRITHDIR
127,,TIR-PHIL
127,,PONTLOTTYN
127,,RHYMNEY
127,,CATHAYS
127,,LLANDAF
127,,NINIAN PARK
127,,WAUN-GRON PARK
127,,FAIRWATER
127,,DANESCOURT
127,,RADYR
127,,TAFFS WELL
127,,TREFFOREST ESTATE
127,,TREFFOREST
127,,PONTYPRIDD
127,,ABERCYNON
127,,PENRHIWCEIBER
127,,MOUNTAIN ASH
127,,FERNHILL
127,,CWMBACH
127,,ABERDARE
127,,QUAKERS YARD
127,,MERTHYR VALE
127,,TROED Y RHIW
127,,PENTRE-BACH
127,,MERTHYR TYDFIL
127,,TREHAFOD
127,,PORTH
127,,DINAS RHONDDA
127,,TONYPANDY
127,,LLWYNYPIA
127,,YSTRAD RHONDDA
127,,TON PENTRE
127,,TREORCHY
127,,YNYSWEN
127,,TREHERBERT
128,,"Cardiff to Newport, Ebbw Vale and Severn Tunnel Junction"
128,,CARDIFF CENTRAL
128,,NEWPORT (SOUTH WALES)
128,,PYE CORNER
128,,ROGERSTONE
128,,RISCA & PONTYMISTER
128,,CROSS KEYS
128,,NEWBRIDGE (EBBW VALE)
128,,LLANHILLETH
128,,EBBW VALE PARKWAY
128,,EBBW VALE TOWN
128,,SEVERN TUNNEL JUNCTION
130,,"Swansea, Carmarthen and Llanelli to Llandovery, Llandrindod and Shrewsbury"
130,,SWANSEA
130,,GOWERTON
130,,CARMARTHEN
130,,PEMBREY & BURRY PORT
130,,LLANELLI
130,,BYNEA
130,,LLANGENNECH
130,,PONTARDDULAIS
130,,PANTYFFYNNON
130,,AMMANFORD
130,,LLANDYBIE
130,,FFAIRFACH
130,,LLANDEILO
130,,LLANGADOG
130,,LLANWRDA
130,,LLANDOVERY
130,,CYNGHORDY
130,,SUGAR LOAF
130,,LLANWRTYD
130,,LLANGAMMARCH
130,,GARTH (POWYS)
130,,CILMERI
130,,BUILTH ROAD
130,,LLANDRINDOD
130,,PEN-Y-BONT
130,,DOLAU
130,,LLANBISTER ROAD
130,,LLANGYNLLO
130,,KNUCKLAS
130,,KNIGHTON
130,,BUCKNELL
130,,HOPTON HEATH
130,,BROOME
130,,CRAVEN ARMS
130,,CHURCH STRETTON
130,,SHREWSBURY
131,,"Swansea and Cardiff to Hereford, Shrewsbury, Crewe, Manchester, Wrexham, Chester and North Wales"
131,,FISHGUARD HARBOUR
131,,MILFORD HAVEN
131,,PEMBROKE DOCK
131,,TENBY
131,,CARMARTHEN
131,,LLANELLI
131,,SWANSEA
131,,NEATH
131,,PORT TALBOT PARKWAY
131,,BRIDGEND
131,,CARDIFF CENTRAL
131,,NEWPORT (SOUTH WALES)
131,,CWMBRAN
131,,PONTYPOOL AND NEW INN
131,,ABERGAVENNY
131,,HEREFORD
131,,LEOMINSTER
131,,LUDLOW
131,,CRAVEN ARMS
131,,CHURCH STRETTON
131,,SHREWSBURY
131,,YORTON
131,,WEM
131,,PREES
131,,WHITCHURCH (SHROPSHIRE)
131,,WRENBURY
131,,NANTWICH
131,,CREWE
131,,WILMSLOW
131,,STOCKPORT
131,,MANCHESTER PICCADILLY
131,,GOBOWEN
131,,CHIRK
131,,RUABON
131,,WREXHAM GENERAL
131,,CHESTER
131,,RHYL
131,,COLWYN BAY
131,,LLANDUDNO JUNCTION
131,,LLANDUDNO
131,,BANGOR (GWYNEDD)
131,,HOLYHEAD
132,,"Cardiff, Newport and Bristol to Gloucester, Cheltenham Spa, Worcester, Great Malvern, Birmingham, Derby and Nottingham"
132,,CARDIFF CENTRAL
132,,NEWPORT (SOUTH WALES)
132,,SEVERN TUNNEL JN
132,,CALDICOT
132,,CHEPSTOW
132,,LYDNEY
132,,BRISTOL TEMPLE MEADS
132,,FILTON ABBEY WOOD
132,,BRISTOL PARKWAY
132,,YATE
132,,CAM & DURSLEY
132,,GLOUCESTER
132,,CHELTENHAM SPA
132,,ASHCHURCH FOR TEWKESBURY
132,,WORCESTERSHIRE PARKWAY
132,,WORCESTER SHRUB HILL
132,,WORCESTER FOREGATE STREET
132,,MALVERN LINK
132,,GREAT MALVERN
132,,UNIVERSITY
132,,BIRMINGHAM NEW STREET
132,,DERBY
132,,NOTTINGHAM
133,,"Cardiff, Worcester, Bristol and Swindon to Westbury, Yeovil, Weymouth, Salisbury, Southampton and Portsmouth"
133,,CARDIFF CENTRAL
133,,NEWPORT (SOUTH WALES)
133,,SEVERN TUNNEL JN
133,,PATCHWAY
133,,GREAT MALVERN
133,,WORCESTER SHRUB HILL
133,,CHELTENHAM SPA
133,,GLOUCESTER
133,,BRISTOL PARKWAY
133,,FILTON ABBEY WOOD
133,,STAPLETON ROAD
133,,LAWRENCE HILL
133,,BRISTOL TEMPLE MEADS
133,,KEYNSHAM
133,,OLDFIELD PARK
133,,BATH SPA
133,,FRESHFORD
133,,AVONCLIFF
133,,BRADFORD-ON-AVON
133,,SWINDON
133,,CHIPPENHAM
133,,MELKSHAM
133,,TROWBRIDGE
133,,WESTBURY
133,,FROME
133,,BRUTON
133,,CASTLE CARY
133,,YEOVIL PEN MILL
133,,YEOVIL JUNCTION
133,,THORNFORD
133,,YETMINSTER
133,,CHETNOLE
133,,MAIDEN NEWTON
133,,DORCHESTER WEST
133,,UPWEY
133,,WEYMOUTH
133,,DILTON MARSH
133,,WARMINSTER
133,,SALISBURY
133,,ROMSEY
133,,SOUTHAMPTON CENTRAL
133,,FAREHAM
133,,COSHAM
133,,FRATTON
133,,PORTSMOUTH & SOUTHSEA
133,,PORTSMOUTH HARBOUR
134,,"Cardiff, Newport, Severn Beach and Avonmouth to Bristol, Weston-super-Mare and Taunton"
134,,CARDIFF CENTRAL
134,,NEWPORT (SOUTH WALES)
134,,SEVERN TUNNEL JN
134,,PATCHWAY
134,,BRISTOL PARKWAY
134,,FILTON ABBEY WOOD
134,,ASHLEY DOWN
134,,SEVERN BEACH
134,,ST ANDREWS ROAD
134,,AVONMOUTH
134,,PORTWAY PARK & RIDE
134,,SHIREHAMPTON
134,,SEA MILLS
134,,CLIFTON DOWN
134,,REDLAND
134,,MONTPELIER
134,,STAPLETON ROAD
134,,LAWRENCE HILL
134,,BRISTOL TEMPLE MEADS
134,,BEDMINSTER
134,,PARSON STREET
134,,NAILSEA & BACKWELL
134,,YATTON
134,,WORLE
134,,WESTON MILTON
134,,WESTON-SUPER-MARE
134,,HIGHBRIDGE & BURNHAM
134,,BRIDGWATER
134,,TAUNTON
135,,"London, Reading, Cardiff, Bristol and Taunton to Exeter, Torbay, Plymouth and Penzance"
135,,LONDON PADDINGTON
135,,READING
135,,NEWBURY
135,,PEWSEY
135,,WESTBURY
135,,CASTLE CARY
135,,CARDIFF CENTRAL
135,,NEWPORT (SOUTH WALES)
135,,BRISTOL TEMPLE MEADS
135,,NAILSEA & BACKWELL
135,,YATTON
135,,WORLE
135,,WESTON-SUPER-MARE
135,,HIGHBRIDGE & BURNHAM
135,,BRIDGWATER
135,,TAUNTON
135,,TIVERTON PARKWAY
135,,EXMOUTH
135,,EXETER CENTRAL
135,,EXETER ST DAVIDS
135,,EXETER ST THOMAS
135,,MARSH BARTON
135,,STARCROSS
135,,DAWLISH WARREN
135,,DAWLISH
135,,TEIGNMOUTH
135,,NEWTON ABBOT
135,,TORRE
135,,TORQUAY
135,,PAIGNTON
135,,TOTNES
135,,IVYBRIDGE
135,,PLYMOUTH
135,,DEVONPORT
135,,DOCKYARD
135,,KEYHAM
135,,ST BUDEAUX FERRY ROAD
135,,SALTASH
135,,ST GERMANS
135,,MENHENIOT
135,,LISKEARD
135,,BODMIN PARKWAY
135,,LOSTWITHIEL
135,,PAR
135,,NEWQUAY
135,,ST AUSTELL
135,,TRURO
135,,REDRUTH
135,,CAMBORNE
135,,HAYLE
135,,ST ERTH
135,,PENZANCE
137,,Exmouth to Exeter
137,,EXMOUTH
137,,LYMPSTONE VILLAGE
137,,LYMPSTONE COMMANDO
137,,EXTON
137,,TOPSHAM
137,,NEWCOURT
137,,DIGBY & SOWTON
137,,POLSLOE BRIDGE
137,,ST JAMES' PARK
137,,EXETER CENTRAL
137,,EXETER ST DAVIDS
138,,Exeter to Okehampton and Barnstaple
138,,EXETER CENTRAL
138,,EXETER ST DAVIDS
138,,NEWTON ABBOT
138,,TORQUAY
138,,PAIGNTON
138,,NEWTON ST CYRES
138,,CREDITON
138,,YEOFORD
138,,OKEHAMPTON
138,,COPPLESTONE
138,,MORCHARD ROAD
138,,LAPFORD
138,,EGGESFORD
138,,KINGS NYMPTON
138,,PORTSMOUTH ARMS
138,,UMBERLEIGH
138,,CHAPELTON
138,,BARNSTAPLE
140,,Plymouth to Gunnislake
140,,PLYMOUTH
140,,DEVONPORT
140,,DOCKYARD
140,,KEYHAM
140,,ST BUDEAUX FERRY ROAD
140,,ST BUDEAUX VICTORIA ROAD
140,,BERE FERRERS
140,,BERE ALSTON
140,,CALSTOCK
140,,GUNNISLAKE
141,,Liskeard to Looe
141,,LISKEARD
141,,COOMBE JUNCTION HALT
141,,ST KEYNE WISHING WELL HALT
141,,CAUSELAND
141,,SANDPLACE
141,,LOOE
143,,Par to Newquay
143,,LONDON PADDINGTON
143,,PLYMOUTH
143,,PAR
143,,LUXULYAN
143,,BUGLE
143,,ROCHE
143,,ST COLUMB ROAD
143,,QUINTRELL DOWNS
143,,NEWQUAY
144,,Truro to Falmouth
144,,TRURO
144,,PERRANWELL
144,,PENRYN
144,,PENMERE
144,,FALMOUTH TOWN
144,,FALMOUTH DOCKS
146,,Penzance and St Erth to St Ives
146,,PENZANCE
146,,ST ERTH
146,,LELANT SALTINGS
146,,LELANT
146,,CARBIS BAY
146,,ST IVES
150,,"Reading, Farnham and Aldershot to Guildford, Dorking, Redhill and Gatwick Airport"
150,,READING
150,,WOKINGHAM
150,,CROWTHORNE
150,,SANDHURST
150,,BLACKWATER
150,,FARNBOROUGH NORTH
150,,NORTH CAMP
150,,FARNHAM
150,,ALDERSHOT
150,,ASH
150,,WANBOROUGH
150,,GUILDFORD
150,,SHALFORD
150,,CHILWORTH
150,,GOMSHALL
150,,DORKING WEST
150,,DORKING DEEPDENE
150,,BETCHWORTH
150,,REIGATE
150,,REDHILL
150,,GATWICK AIRPORT
151,,"London to Staines, Windsor & Eton Riverside, Weybridge, Ascot, Aldershot and Reading"
151,,LONDON WATERLOO
151,,VAUXHALL
151,,CLAPHAM JUNCTION
151,,PUTNEY
151,,RICHMOND
151,,ST MARGARETS
151,,TWICKENHAM
151,,HOUNSLOW
151,,WHITTON
151,,FELTHAM
151,,ASHFORD (MIDDLESEX)
151,,STAINES
151,,WRAYSBURY
151,,SUNNYMEADS
151,,DATCHET
151,,WINDSOR & ETON RIVERSIDE
151,,EGHAM
151,,VIRGINIA WATER
151,,CHERTSEY
151,,ADDLESTONE
151,,WEYBRIDGE
151,,BYFLEET & NEW HAW
151,,WEST BYFLEET
151,,WOKING
151,,LONGCROSS
151,,SUNNINGDALE
151,,ASCOT
151,,BAGSHOT
151,,CAMBERLEY
151,,FRIMLEY
151,,ASH VALE
151,,ALDERSHOT
151,,MARTINS HERON
151,,BRACKNELL
151,,WOKINGHAM
151,,WINNERSH
151,,WINNERSH TRIANGLE
151,,EARLEY
151,,READING
152,,"London to Woking, Guildford, Aldershot, Farnham, Alton and Basingstoke"
152,,LONDON WATERLOO
152,,VAUXHALL
152,,CLAPHAM JUNCTION
152,,EARLSFIELD
152,,WIMBLEDON
152,,SURBITON
152,,ESHER
152,,HERSHAM
152,,WALTON-ON-THAMES
152,,WEYBRIDGE
152,,BYFLEET & NEW HAW
152,,WEST BYFLEET
152,,WOKING
152,,WORPLESDON
152,,GUILDFORD
152,,BROOKWOOD
152,,ASH VALE
152,,ALDERSHOT
152,,FARNHAM
152,,BENTLEY
152,,ALTON
152,,FARNBOROUGH (MAIN)
152,,FLEET
152,,WINCHFIELD
152,,HOOK
152,,BASINGSTOKE
153,,"London to Salisbury, Westbury, Yeovil, Axminster and Exeter"
153,,LONDON WATERLOO
153,,CLAPHAM JUNCTION
153,,WOKING
153,,READING
153,,BASINGSTOKE
153,,OVERTON
153,,WHITCHURCH (HANTS)
153,,ANDOVER
153,,GRATELEY
153,,SALISBURY
153,,WARMINSTER
153,,WESTBURY
153,,FROME
153,,BRUTON
153,,CASTLE CARY
153,,TISBURY
153,,GILLINGHAM (DORSET)
153,,TEMPLECOMBE
153,,SHERBORNE
153,,YEOVIL JUNCTION
153,,YEOVIL PEN MILL
153,,CREWKERNE
153,,AXMINSTER
153,,HONITON
153,,FENITON
153,,WHIMPLE
153,,CRANBROOK
153,,PINHOE
153,,EXETER CENTRAL
153,,EXETER ST DAVIDS
154,,"London to Winchester, Fareham, Portsmouth, Southampton, Lymington, Yarmouth (IOW), Bournemouth and Weymouth"
154,,LONDON WATERLOO
154,,CLAPHAM JUNCTION
154,,WOKING
154,,FARNBOROUGH (MAIN)
154,,FLEET
154,,READING
154,,BASINGSTOKE
154,,MICHELDEVER
154,,WINCHESTER
154,,SHAWFORD
154,,ROMSEY
154,,CHANDLERS FORD
154,,EASTLEIGH
154,,HEDGE END
154,,BOTLEY
154,,FAREHAM
154,,PORTCHESTER
154,,COSHAM
154,,HILSEA
154,,FRATTON
154,,PORTSMOUTH & SOUTHSEA
154,,PORTSMOUTH HARBOUR
154,,SOUTHAMPTON AIRPORT PARKWY
154,,SWAYTHLING
154,,ST DENYS
154,,SOUTHAMPTON CENTRAL
154,,MILLBROOK (HANTS)
154,,REDBRIDGE
154,,TOTTON
154,,ASHURST NEW FOREST
154,,BEAULIEU ROAD
154,,BROCKENHURST
154,,LYMINGTON TOWN
154,,LYMINGTON PIER
154,,LYMINGTON PIER
154,,YARMOUTH (I.O.W.)
154,,SWAY
154,,NEW MILTON
154,,HINTON ADMIRAL
154,,CHRISTCHURCH
154,,POKESDOWN
154,,BOURNEMOUTH
154,,BRANKSOME
154,,PARKSTONE (DORSET)
154,,POOLE
154,,HAMWORTHY
154,,HOLTON HEATH
154,,WAREHAM
154,,WOOL
154,,MORETON (DORSET)
154,,DORCHESTER SOUTH
154,,DORCHESTER WEST
154,,UPWEY
154,,WEYMOUTH
155,,"London to Haslemere, Havant and Portsmouth"
155,,LONDON WATERLOO
155,,CLAPHAM JUNCTION
155,,WOKING
155,,WORPLESDON
155,,GUILDFORD
155,,FARNCOMBE
155,,GODALMING
155,,MILFORD (SURREY)
155,,WITLEY
155,,HASLEMERE
155,,LIPHOOK
155,,LISS
155,,PETERSFIELD
155,,ROWLANDS CASTLE
155,,HAVANT
155,,BEDHAMPTON
155,,HILSEA
155,,FRATTON
155,,PORTSMOUTH & SOUTHSEA
155,,PORTSMOUTH HARBOUR
156,,"Portsmouth, Havant and Fareham to Southampton and Salisbury"
156,,PORTSMOUTH HARBOUR
156,,PORTSMOUTH & SOUTHSEA
156,,FRATTON
156,,HILSEA
156,,HAVANT
156,,COSHAM
156,,PORTCHESTER
156,,FAREHAM
156,,SWANWICK
156,,BURSLEDON
156,,HAMBLE
156,,NETLEY
156,,SHOLING
156,,WOOLSTON
156,,BITTERNE
156,,SOUTHAMPTON AIRPORT PARKWY
156,,SWAYTHLING
156,,ST DENYS
156,,SOUTHAMPTON CENTRAL
156,,MILLBROOK (HANTS)
156,,REDBRIDGE
156,,ROMSEY
156,,MOTTISFONT & DUNBRIDGE
156,,DEAN
156,,SALISBURY
157,,Portsmouth to Havant (summary)
157,,PORTSMOUTH HARBOUR
157,,PORTSMOUTH & SOUTHSEA
157,,FRATTON
157,,HILSEA
157,,BEDHAMPTON
157,,HAVANT
158,,"Portsmouth to Ryde, Sandown and Shanklin"
158,,PORTSMOUTH HARBOUR
158,,RYDE PIER HEAD
158,,RYDE ESPLANADE
158,,RYDE ST JOHNS ROAD
158,,SMALLBROOK JUNCTION
158,,BRADING
158,,SANDOWN
158,,LAKE
158,,SHANKLIN
160,,"London to Putney, Hounslow, Richmond, Twickenham and Kingston"
160,,LONDON WATERLOO
160,,VAUXHALL
160,,QUEENSTOWN RD.(BATTERSEA)
160,,CLAPHAM JUNCTION
160,,WANDSWORTH TOWN
160,,PUTNEY
160,,BARNES
160,,BARNES BRIDGE
160,,CHISWICK
160,,KEW BRIDGE
160,,BRENTFORD
160,,SYON LANE
160,,ISLEWORTH
160,,HOUNSLOW
160,,MORTLAKE
160,,NORTH SHEEN
160,,RICHMOND
160,,ST MARGARETS
160,,TWICKENHAM
160,,WHITTON
160,,FELTHAM
160,,ASHFORD (MIDDLESEX)
160,,STAINES
160,,STRAWBERRY HILL
160,,TEDDINGTON
160,,HAMPTON WICK
160,,KINGSTON
161,,"London to Wimbledon, Kingston, Shepperton, Surbiton, Hampton Court, Guildford, Chessington, Epsom and Dorking"
161,,LONDON WATERLOO
161,,VAUXHALL
161,,CLAPHAM JUNCTION
161,,EARLSFIELD
161,,WIMBLEDON
161,,RAYNES PARK
161,,MOTSPUR PARK
161,,MALDEN MANOR
161,,TOLWORTH
161,,CHESSINGTON NORTH
161,,CHESSINGTON SOUTH
161,,WORCESTER PARK
161,,STONELEIGH
161,,EWELL WEST
161,,EPSOM
161,,ASHTEAD
161,,LEATHERHEAD
161,,BOX HILL & WESTHUMBLE
161,,DORKING
161,,NEW MALDEN
161,,NORBITON
161,,KINGSTON
161,,HAMPTON WICK
161,,TEDDINGTON
161,,STRAWBERRY HILL
161,,TWICKENHAM
161,,ST MARGARETS
161,,RICHMOND
161,,FULWELL
161,,HAMPTON
161,,KEMPTON PARK
161,,SUNBURY
161,,UPPER HALLIFORD
161,,SHEPPERTON
161,,BERRYLANDS
161,,SURBITON
161,,THAMES DITTON
161,,HAMPTON COURT
161,,HINCHLEY WOOD
161,,CLAYGATE
161,,OXSHOTT
161,,COBHAM & STOKE D'ABERNON
161,,BOOKHAM
161,,EFFINGHAM JUNCTION
161,,HORSLEY
161,,CLANDON
161,,LONDON ROAD (GUILDFORD)
161,,GUILDFORD
162,,"London, West Croydon and Sutton to Epsom, Leatherhead, Effingham Junction, Guildford, Dorking and Horsham"
162,,LONDON VICTORIA
162,,LONDON WATERLOO
162,,CLAPHAM JUNCTION
162,,BALHAM
162,,MITCHAM EASTFIELDS
162,,MITCHAM JUNCTION
162,,HACKBRIDGE
162,,CARSHALTON
162,,LONDON BRIDGE
162,,NORWOOD JUNCTION
162,,WEST CROYDON
162,,WADDON
162,,WALLINGTON
162,,CARSHALTON BEECHES
162,,SUTTON (SURREY)
162,,CHEAM
162,,EWELL EAST
162,,EPSOM
162,,ASHTEAD
162,,LEATHERHEAD
162,,BOOKHAM
162,,EFFINGHAM JUNCTION
162,,HORSLEY
162,,CLANDON
162,,LONDON ROAD (GUILDFORD)
162,,GUILDFORD
162,,BOX HILL & WESTHUMBLE
162,,DORKING
162,,HOLMWOOD
162,,OCKLEY
162,,WARNHAM
162,,HORSHAM
163,,London to Wimbledon and Sutton via Streatham and Tulse Hill
163,,LONDON VICTORIA
163,,CLAPHAM JUNCTION
163,,BALHAM
163,,ST PANCRAS INTERNATIONAL
163,,FARRINGDON
163,,CITY THAMESLINK
163,,LONDON BLACKFRIARS
163,,ELEPHANT & CASTLE
163,,LOUGHBOROUGH JN
163,,HERNE HILL
163,,LONDON BRIDGE
163,,SOUTH BERMONDSEY
163,,QUEENS RD PECKHAM
163,,PECKHAM RYE
163,,EAST DULWICH
163,,NORTH DULWICH
163,,TULSE HILL
163,,STREATHAM
163,,TOOTING
163,,HAYDONS ROAD
163,,WIMBLEDON
163,,WIMBLEDON CHASE
163,,SOUTH MERTON
163,,MORDEN SOUTH
163,,ST HELIER
163,,SUTTON COMMON
163,,WEST SUTTON
163,,MITCHAM EASTFIELDS
163,,MITCHAM JUNCTION
163,,HACKBRIDGE
163,,CARSHALTON
163,,SUTTON (SURREY)
164,,"London to Sutton, Epsom Downs and Epsom via Selhurst and West Croydon"
164,,LONDON VICTORIA
164,,BATTERSEA PARK
164,,CLAPHAM JUNCTION
164,,WANDSWORTH COMMON
164,,BALHAM
164,,LONDON BRIDGE
164,,SOUTH BERMONDSEY
164,,QUEENS RD PECKHAM
164,,PECKHAM RYE
164,,EAST DULWICH
164,,NORTH DULWICH
164,,TULSE HILL
164,,STREATHAM
164,,STREATHAM COMMON
164,,NORBURY
164,,THORNTON HEATH
164,,SELHURST
164,,EAST CROYDON
164,,NORWOOD JUNCTION
164,,WEST CROYDON
164,,WADDON
164,,WALLINGTON
164,,CARSHALTON BEECHES
164,,SUTTON (SURREY)
164,,BELMONT
164,,BANSTEAD
164,,EPSOM DOWNS
164,,CHEAM
164,,EWELL EAST
164,,EPSOM
165,,London to Beckenham Junction and West Croydon via Crystal Palace
165,,LONDON VICTORIA
165,,BATTERSEA PARK
165,,CLAPHAM JUNCTION
165,,WANDSWORTH COMMON
165,,BALHAM
165,,STREATHAM HILL
165,,LONDON BRIDGE
165,,SOUTH BERMONDSEY
165,,QUEENS RD PECKHAM
165,,PECKHAM RYE
165,,EAST DULWICH
165,,NORTH DULWICH
165,,TULSE HILL
165,,WEST NORWOOD
165,,GIPSY HILL
165,,CRYSTAL PALACE
165,,BIRKBECK
165,,BECKENHAM JUNCTION
165,,NORWOOD JUNCTION
165,,WEST CROYDON
166,,"London to Crystal Palace, Norwood Junction, East and West Croydon via Forest Hill"
166,,LONDON BRIDGE
166,,HIGHBURY & ISLINGTON
166,,DALSTON JUNCTION
166,,WHITECHAPEL
166,,NEW CROSS GATE
166,,BROCKLEY
166,,HONOR OAK PARK
166,,FOREST HILL
166,,SYDENHAM
166,,CRYSTAL PALACE
166,,GIPSY HILL
166,,WEST NORWOOD
166,,STREATHAM HILL
166,,BALHAM
166,,WANDSWORTH COMMON
166,,CLAPHAM JUNCTION
166,,BATTERSEA PARK
166,,LONDON VICTORIA
166,,PENGE WEST
166,,ANERLEY
166,,NORWOOD JUNCTION
166,,WEST CROYDON
166,,EAST CROYDON
167,,"Highbury & Islington to Canada Water, Peckham Rye, Clapham Junction, New Cross, Crystal Palace and West Croydon"
167,,HIGHBURY & ISLINGTON
167,,CANONBURY
167,,DALSTON JUNCTION
167,,HAGGERSTON
167,,HOXTON
167,,SHOREDITCH HIGH STREET
167,,WHITECHAPEL
167,,SHADWELL
167,,WAPPING
167,,ROTHERHITHE
167,,CANADA WATER
167,,SURREY QUAYS
167,,QUEENS RD PECKHAM
167,,PECKHAM RYE
167,,DENMARK HILL
167,,CLAPHAM HIGH STREET
167,,WANDSWORTH ROAD
167,,CLAPHAM JUNCTION
167,,NEW CROSS
167,,NEW CROSS GATE
167,,BROCKLEY
167,,HONOR OAK PARK
167,,FOREST HILL
167,,SYDENHAM
167,,CRYSTAL PALACE
167,,PENGE WEST
167,,ANERLEY
167,,NORWOOD JUNCTION
167,,WEST CROYDON
168,,Watford Junction to Clapham Junction and East Croydon
168,,WATFORD JUNCTION
168,,HARROW & WEALDSTONE
168,,WEMBLEY CENTRAL
168,,SHEPHERD'S BUSH
168,,KENSINGTON (OLYMPIA)
168,,WEST BROMPTON
168,,IMPERIAL WHARF
168,,CLAPHAM JUNCTION
168,,BALHAM
168,,STREATHAM COMMON
168,,NORBURY
168,,THORNTON HEATH
168,,SELHURST
168,,EAST CROYDON
171,,"London and Croydon to Oxted, East Grinstead and Uckfield"
171,,LONDON VICTORIA
171,,CLAPHAM JUNCTION
171,,ST PANCRAS INTERNATIONAL
171,,FARRINGDON
171,,CITY THAMESLINK
171,,LONDON BLACKFRIARS
171,,LONDON BRIDGE
171,,EAST CROYDON
171,,SOUTH CROYDON
171,,SANDERSTEAD
171,,RIDDLESDOWN
171,,UPPER WARLINGHAM
171,,WOLDINGHAM
171,,OXTED
171,,HURST GREEN
171,,LINGFIELD
171,,DORMANS
171,,EAST GRINSTEAD
171,,EDENBRIDGE TOWN
171,,HEVER
171,,COWDEN
171,,ASHURST
171,,ERIDGE
171,,CROWBOROUGH
171,,BUXTED
171,,UCKFIELD
172,,"London and Croydon to Purley, Caterham, Coulsdon and Tattenham Corner"
172,,LONDON VICTORIA
172,,CLAPHAM JUNCTION
172,,ST PANCRAS INTERNATIONAL
172,,FARRINGDON
172,,CITY THAMESLINK
172,,LONDON BLACKFRIARS
172,,LONDON BRIDGE
172,,NORWOOD JUNCTION
172,,EAST CROYDON
172,,SOUTH CROYDON
172,,SANDERSTEAD
172,,RIDDLESDOWN
172,,UPPER WARLINGHAM
172,,PURLEY OAKS
172,,PURLEY
172,,KENLEY
172,,WHYTELEAFE
172,,WHYTELEAFE SOUTH
172,,CATERHAM
172,,REEDHAM
172,,COULSDON TOWN
172,,COULSDON SOUTH
172,,WOODMANSTERNE
172,,CHIPSTEAD
172,,KINGSWOOD
172,,TADWORTH
172,,TATTENHAM CORNER
173,,"London and Croydon to Redhill, Reigate, Tonbridge, Gatwick Airport and Three Bridges"
173,,LONDON VICTORIA
173,,CLAPHAM JUNCTION
173,,ST PANCRAS INTERNATIONAL
173,,FARRINGDON
173,,CITY THAMESLINK
173,,LONDON BLACKFRIARS
173,,LONDON BRIDGE
173,,NORWOOD JUNCTION
173,,EAST CROYDON
173,,PURLEY
173,,COULSDON SOUTH
173,,MERSTHAM
173,,REDHILL
173,,REIGATE
173,,NUTFIELD
173,,GODSTONE
173,,EDENBRIDGE
173,,PENSHURST
173,,LEIGH (KENT)
173,,TONBRIDGE
173,,EARLSWOOD (SURREY)
173,,SALFORDS
173,,HORLEY
173,,GATWICK AIRPORT
173,,THREE BRIDGES
174,,"London, Croydon and Gatwick Airport to Crawley and Horsham"
174,,LONDON VICTORIA
174,,CLAPHAM JUNCTION
174,,ST PANCRAS INTERNATIONAL
174,,FARRINGDON
174,,CITY THAMESLINK
174,,LONDON BLACKFRIARS
174,,LONDON BRIDGE
174,,NORWOOD JUNCTION
174,,EAST CROYDON
174,,PURLEY
174,,COULSDON SOUTH
174,,MERSTHAM
174,,REDHILL
174,,EARLSWOOD (SURREY)
174,,SALFORDS
174,,HORLEY
174,,GATWICK AIRPORT
174,,THREE BRIDGES
174,,CRAWLEY
174,,IFIELD
174,,FAYGATE
174,,LITTLEHAVEN
174,,HORSHAM
175,,"London, Croydon and Gatwick Airport to Haywards Heath and Brighton"
175,,LONDON VICTORIA
175,,CLAPHAM JUNCTION
175,,ST PANCRAS INTERNATIONAL
175,,FARRINGDON
175,,CITY THAMESLINK
175,,LONDON BLACKFRIARS
175,,LONDON BRIDGE
175,,EAST CROYDON
175,,PURLEY
175,,REDHILL
175,,HORLEY
175,,GATWICK AIRPORT
175,,THREE BRIDGES
175,,BALCOMBE
175,,HAYWARDS HEATH
175,,WIVELSFIELD
175,,LEWES
175,,BURGESS HILL
175,,HASSOCKS
175,,PRESTON PARK
175,,HOVE
175,,BRIGHTON
176,,"London, Croydon, Gatwick Airport and Brighton to Lewes, Seaford, Eastbourne, Hastings and Ashford"
176,,LONDON VICTORIA
176,,CLAPHAM JUNCTION
176,,EAST CROYDON
176,,GATWICK AIRPORT
176,,HAYWARDS HEATH
176,,WIVELSFIELD
176,,PLUMPTON
176,,COOKSBRIDGE
176,,BRIGHTON
176,,LONDON ROAD (BRIGHTON)
176,,MOULSECOOMB
176,,FALMER
176,,LEWES
176,,SOUTHEASE
176,,NEWHAVEN TOWN
176,,NEWHAVEN HARBOUR
176,,BISHOPSTONE
176,,SEAFORD
176,,GLYNDE
176,,BERWICK
176,,POLEGATE
176,,HAMPDEN PARK
176,,EASTBOURNE
176,,HAMPDEN PARK
176,,PEVENSEY & WESTHAM
176,,PEVENSEY BAY
176,,NORMANS BAY
176,,COODEN BEACH
176,,COLLINGTON
176,,BEXHILL
176,,ST LEONARDS WARRIOR SQ
176,,HASTINGS
176,,ORE
176,,THREE OAKS
176,,DOLEHAM
176,,WINCHELSEA
176,,RYE
176,,APPLEDORE (KENT)
176,,HAM STREET
176,,ASHFORD INTERNATIONAL
177,,"London, Croydon, Gatwick Airport and Brighton to Hove, Worthing and Littlehampton"
177,,LONDON VICTORIA
177,,CLAPHAM JUNCTION
177,,ST PANCRAS INTERNATIONAL
177,,FARRINGDON
177,,CITY THAMESLINK
177,,LONDON BLACKFRIARS
177,,LONDON BRIDGE
177,,EAST CROYDON
177,,GATWICK AIRPORT
177,,THREE BRIDGES
177,,HAYWARDS HEATH
177,,BURGESS HILL
177,,HASSOCKS
177,,PRESTON PARK
177,,BRIGHTON
177,,HOVE
177,,ALDRINGTON
177,,PORTSLADE
177,,FISHERSGATE
177,,SOUTHWICK
177,,SHOREHAM-BY-SEA
177,,LANCING
177,,EAST WORTHING
177,,WORTHING
177,,WEST WORTHING
177,,DURRINGTON-ON-SEA
177,,GORING-BY-SEA
177,,ANGMERING
177,,LITTLEHAMPTON
178,,"London, Croydon, Gatwick Airport, Horsham, Brighton, Worthing and Littlehampton to Barnham, Bognor Regis, Chichester,"
178,,"Havant, Southampton and Portsmouth"
178,,LONDON VICTORIA
178,,CLAPHAM JUNCTION
178,,LONDON BRIDGE
178,,EAST CROYDON
178,,GATWICK AIRPORT
178,,THREE BRIDGES
178,,CRAWLEY
178,,HORSHAM
178,,CHRISTS HOSPITAL
178,,BILLINGSHURST
178,,PULBOROUGH
178,,AMBERLEY
178,,ARUNDEL
178,,BRIGHTON
178,,HOVE
178,,ALDRINGTON
178,,PORTSLADE
178,,FISHERSGATE
178,,SOUTHWICK
178,,SHOREHAM-BY-SEA
178,,LANCING
178,,EAST WORTHING
178,,WORTHING
178,,WEST WORTHING
178,,DURRINGTON-ON-SEA
178,,GORING-BY-SEA
178,,ANGMERING
178,,LITTLEHAMPTON
178,,FORD
178,,BARNHAM
178,,BOGNOR REGIS
178,,CHICHESTER
178,,FISHBOURNE (SUSSEX)
178,,BOSHAM
178,,NUTBOURNE
178,,SOUTHBOURNE
178,,EMSWORTH
178,,WARBLINGTON
178,,HAVANT
178,,BEDHAMPTON
178,,COSHAM
178,,PORTCHESTER
178,,FAREHAM
178,,SWANWICK
178,,SOUTHAMPTON CENTRAL
178,,HILSEA
178,,FRATTON
178,,PORTSMOUTH & SOUTHSEA
178,,PORTSMOUTH HARBOUR
180,,"London to Herne Hill, Beckenham Junction, Denmark Hill, Catford, Bromley South, Orpington, Swanley and Sevenoaks"
180,,LONDON CHARING CROSS
180,,LONDON WATERLOO EAST
180,,LONDON CANNON STREET
180,,LONDON BRIDGE
180,,LONDON VICTORIA
180,,BRIXTON
180,,LUTON
180,,LUTON AIRPORT PARKWAY
180,,ST ALBANS CITY
180,,WEST HAMPSTEAD THAMESLINK
180,,KENTISH TOWN
180,,ST PANCRAS INTERNATIONAL
180,,FARRINGDON
180,,CITY THAMESLINK
180,,LONDON BLACKFRIARS
180,,ELEPHANT & CASTLE
180,,LOUGHBOROUGH JN
180,,HERNE HILL
180,,WEST DULWICH
180,,SYDENHAM HILL
180,,PENGE EAST
180,,KENT HOUSE
180,,BECKENHAM JUNCTION
180,,DENMARK HILL
180,,PECKHAM RYE
180,,NUNHEAD
180,,LEWISHAM
180,,CROFTON PARK
180,,CATFORD
180,,BELLINGHAM
180,,BECKENHAM HILL
180,,RAVENSBOURNE
180,,SHORTLANDS
180,,BROMLEY SOUTH
180,,BICKLEY
180,,PETTS WOOD
180,,ORPINGTON
180,,ST MARY CRAY
180,,SWANLEY
180,,EYNSFORD
180,,SHOREHAM (KENT)
180,,OTFORD
180,,BAT & BALL
180,,SEVENOAKS
181,,"London to Grove Park, Bromley North, Orpington and Sevenoaks"
181,,LONDON CHARING CROSS
181,,LONDON WATERLOO (EAST)
181,,LONDON CANNON STREET
181,,LONDON BRIDGE
181,,NEW CROSS
181,,ST JOHNS
181,,LEWISHAM
181,,HITHER GREEN
181,,GROVE PARK
181,,SUNDRIDGE PARK
181,,BROMLEY NORTH
181,,ELMSTEAD WOODS
181,,CHISLEHURST
181,,PETTS WOOD
181,,ORPINGTON
181,,CHELSFIELD
181,,KNOCKHOLT
181,,DUNTON GREEN
181,,SEVENOAKS
182,,"London to Catford Bridge, Elmers End and Hayes"
182,,LONDON CHARING CROSS
182,,LONDON WATERLOO (EAST)
182,,LONDON CANNON STREET
182,,LONDON BRIDGE
182,,NEW CROSS
182,,ST JOHNS
182,,LEWISHAM
182,,LADYWELL
182,,CATFORD BRIDGE
182,,LOWER SYDENHAM
182,,NEW BECKENHAM
182,,CLOCK HOUSE
182,,ELMERS END
182,,EDEN PARK
182,,WEST WICKHAM
182,,HAYES (KENT)
184,,London to Dartford via Bexleyheath
184,,LONDON CHARING CROSS
184,,LONDON WATERLOO (EAST)
184,,LONDON CANNON STREET
184,,LONDON BRIDGE
184,,LONDON VICTORIA
184,,DENMARK HILL
184,,PECKHAM RYE
184,,NUNHEAD
184,,NEW CROSS
184,,ST JOHNS
184,,LEWISHAM
184,,BLACKHEATH
184,,KIDBROOKE
184,,ELTHAM
184,,FALCONWOOD
184,,WELLING
184,,BEXLEYHEATH
184,,BARNEHURST
184,,SLADE GREEN
184,,DARTFORD
184,,GREENHITHE FOR BLUEWATER
184,,GRAVESEND
185,,London to Dartford and Gravesend via Sidcup
185,,LONDON CHARING CROSS
185,,LONDON WATERLOO (EAST)
185,,LONDON CANNON STREET
185,,LONDON BRIDGE
185,,NEW CROSS
185,,ST JOHNS
185,,LEWISHAM
185,,HITHER GREEN
185,,LEE
185,,MOTTINGHAM
185,,NEW ELTHAM
185,,SIDCUP
185,,ALBANY PARK
185,,BEXLEY
185,,CRAYFORD
185,,SLADE GREEN
185,,DARTFORD
185,,STONE CROSSING
185,,GREENHITHE FOR BLUEWATER
185,,SWANSCOMBE
185,,NORTHFLEET
185,,GRAVESEND
186,,"London to Dartford, Gravesend and the Medway Towns via Woolwich and Abbey Wood"
186,,ST PANCRAS INTERNATIONAL
186,,STRATFORD INTERNATIONAL
186,,FARRINGDON
186,,CITY THAMESLINK
186,,LONDON BLACKFRIARS
186,,LONDON CHARING CROSS
186,,LONDON WATERLOO (EAST)
186,,LONDON CANNON STREET
186,,LONDON BRIDGE
186,,LEWISHAM
186,,BLACKHEATH
186,,DEPTFORD
186,,GREENWICH
186,,MAZE HILL
186,,WESTCOMBE PARK
186,,CHARLTON
186,,WOOLWICH DOCKYARD
186,,WOOLWICH ARSENAL
186,,PLUMSTEAD
186,,ABBEY WOOD
186,,BELVEDERE
186,,ERITH
186,,SLADE GREEN
186,,BARNEHURST
186,,CRAYFORD
186,,DARTFORD
186,,STONE CROSSING
186,,GREENHITHE FOR BLUEWATER
186,,SWANSCOMBE
186,,NORTHFLEET
186,,EBBSFLEET INTERNATIONAL
186,,GRAVESEND
186,,HIGHAM
186,,STROOD
186,,ROCHESTER
186,,CHATHAM
186,,GILLINGHAM (KENT)
186,,RAINHAM (KENT)
188,,"London to the Medway Towns, Sittingbourne, Sheerness, Faversham, Ramsgate, Canterbury East and Dover"
188,,LONDON CANNON STREET
188,,LONDON BRIDGE
188,,ST PANCRAS INTERNATIONAL
188,,STRATFORD INTERNATIONAL
188,,EBBSFLEET INTERNATIONAL
188,,GRAVESEND
188,,STROOD
188,,LONDON VICTORIA
188,,DENMARK HILL
188,,BROMLEY SOUTH
188,,ST MARY CRAY
188,,SWANLEY
188,,FARNINGHAM ROAD
188,,LONGFIELD
188,,MEOPHAM
188,,SOLE STREET
188,,ROCHESTER
188,,CHATHAM
188,,GILLINGHAM (KENT)
188,,RAINHAM (KENT)
188,,NEWINGTON
188,,SITTINGBOURNE
188,,KEMSLEY
188,,SWALE
188,,QUEENBOROUGH
188,,SHEERNESS-ON-SEA
188,,TEYNHAM
188,,FAVERSHAM
188,,WHITSTABLE
188,,CHESTFIELD & SWALECLIFFE
188,,HERNE BAY
188,,BIRCHINGTON-ON-SEA
188,,WESTGATE-ON-SEA
188,,MARGATE
188,,BROADSTAIRS
188,,DUMPTON PARK
188,,RAMSGATE
188,,SELLING
188,,CANTERBURY EAST
188,,BEKESBOURNE
188,,ADISHAM
188,,AYLESHAM
188,,SNOWDOWN
188,,SHEPHERDS WELL
188,,KEARSNEY
188,,DOVER PRIORY
189,,"London, Tonbridge and Ashford International to Canterbury West, Folkestone, Dover, Ramsgate and Margate"
189,,ST PANCRAS INTERNATIONAL
189,,STRATFORD INTERNATIONAL
189,,EBBSFLEET INTERNATIONAL
189,,LONDON CHARING CROSS
189,,LONDON WATERLOO (EAST)
189,,LONDON CANNON STREET
189,,LONDON BRIDGE
189,,ORPINGTON
189,,SEVENOAKS
189,,HILDENBOROUGH
189,,TONBRIDGE
189,,PADDOCK WOOD
189,,MARDEN
189,,STAPLEHURST
189,,HEADCORN
189,,PLUCKLEY
189,,LONDON VICTORIA
189,,BROMLEY SOUTH
189,,MAIDSTONE EAST
189,,ASHFORD INTERNATIONAL
189,,WYE
189,,CHILHAM
189,,CHARTHAM
189,,CANTERBURY WEST
189,,STURRY
189,,WESTENHANGER
189,,SANDLING
189,,FOLKESTONE WEST
189,,FOLKESTONE CENTRAL
189,,DOVER PRIORY
189,,MARTIN MILL
189,,WALMER
189,,DEAL
189,,SANDWICH
189,,MINSTER
189,,THANET PARKWAY
189,,RAMSGATE
189,,DUMPTON PARK
189,,BROADSTAIRS
189,,MARGATE
190,,London to Maidstone East and Ashford International
190,,LONDON VICTORIA
190,,LONDON BLACKFRIARS
190,,ELEPHANT & CASTLE
190,,BROMLEY SOUTH
190,,LONDON CHARING CROSS
190,,LONDON WATERLOO EAST
190,,LONDON CANNON STREET
190,,LONDON BRIDGE
190,,ST MARY CRAY
190,,SWANLEY
190,,OTFORD
190,,KEMSING
190,,BOROUGH GREEN & WROTHAM
190,,WEST MALLING
190,,EAST MALLING
190,,BARMING
190,,MAIDSTONE EAST
190,,BEARSTED
190,,HOLLINGBOURNE
190,,HARRIETSHAM
190,,LENHAM
190,,CHARING
190,,ASHFORD INTERNATIONAL
191,,"London to Tonbridge, Tunbridge Wells and Hastings"
191,,LONDON CHARING CROSS
191,,LONDON WATERLOO (EAST)
191,,LONDON CANNON STREET
191,,LONDON BRIDGE
191,,ORPINGTON
191,,SEVENOAKS
191,,HILDENBOROUGH
191,,TONBRIDGE
191,,HIGH BROOMS
191,,TUNBRIDGE WELLS
191,,FRANT
191,,WADHURST
191,,STONEGATE
191,,ETCHINGHAM
191,,ROBERTSBRIDGE
191,,BATTLE
191,,CROWHURST
191,,WEST ST LEONARDS
191,,ST LEONARDS WARRIOR SQ
191,,HASTINGS
191,,ORE
192,,"Strood to Maidstone West, Paddock Wood and Tonbridge"
192,,ST PANCRAS INTERNATIONAL
192,,STRATFORD INTERNATIONAL
192,,EBBSFLEET INTERNATIONAL
192,,GRAVESEND
192,,STROOD
192,,CUXTON
192,,HALLING
192,,SNODLAND
192,,NEW HYTHE
192,,AYLESFORD
192,,MAIDSTONE BARRACKS
192,,MAIDSTONE WEST
192,,EAST FARLEIGH
192,,WATERINGBURY
192,,YALDING
192,,BELTRING
192,,PADDOCK WOOD
192,,TONBRIDGE
200,,Glasgow to Paisley
200,,GLASGOW CENTRAL
200,,DUMBRECK
200,,CORKERHILL
200,,MOSSPARK
200,,CROOKSTON
200,,HAWKHEAD
200,,PAISLEY CANAL
200,,CARDONALD
200,,HILLINGTON EAST
200,,HILLINGTON WEST
200,,PAISLEY GILMOUR STREET
201,,"Glasgow and Paisley to Wemyss Bay, Greenock and Gourock"
201,,GLASGOW CENTRAL
201,,CARDONALD
201,,HILLINGTON EAST
201,,HILLINGTON WEST
201,,PAISLEY GILMOUR STREET
201,,PAISLEY ST JAMES
201,,BISHOPTON
201,,LANGBANK
201,,WOODHALL
201,,PORT GLASGOW
201,,WHINHILL
201,,DRUMFROCHAR
201,,BRANCHTON
201,,INVERKIP
201,,WEMYSS BAY
201,,BOGSTON
201,,CARTSDYKE
201,,GREENOCK CENTRAL
201,,GREENOCK WEST
201,,FORT MATILDA
201,,GOUROCK
202,,"Glasgow and Paisley to Kilwinning, Ardrossan, Largs, Ayr, Girvan and Stranraer"
202,,GLASGOW CENTRAL
202,,PAISLEY GILMOUR STREET
202,,JOHNSTONE
202,,MILLIKEN PARK
202,,HOWWOOD (RENFREW)
202,,LOCHWINNOCH
202,,GLENGARNOCK
202,,DALRY
202,,KILWINNING
202,,STEVENSTON
202,,SALTCOATS
202,,ARDROSSAN SOUTH BEACH
202,,ARDROSSAN TOWN
202,,ARDROSSAN HARBOUR
202,,WEST KILBRIDE
202,,FAIRLIE
202,,LARGS
202,,IRVINE
202,,BARASSIE
202,,BARRHEAD
202,,KILMARNOCK
202,,TROON
202,,PRESTWICK INT. AIRPORT
202,,PRESTWICK TOWN
202,,NEWTON-ON-AYR
202,,AYR
202,,MAYBOLE
202,,GIRVAN
202,,BARRHILL
202,,STRANRAER
203,,"Glasgow to East Kilbride, Barrhead, Kilmarnock, Dumfries and Carlisle"
203,,GLASGOW CENTRAL
203,,CROSSMYLOOF
203,,POLLOKSHAWS WEST
203,,THORNLIEBANK
203,,GIFFNOCK
203,,CLARKSTON
203,,BUSBY
203,,THORNTONHALL
203,,HAIRMYRES
203,,EAST KILBRIDE
203,,KENNISHEAD
203,,PRIESTHILL & DARNLEY
203,,NITSHILL
203,,BARRHEAD
203,,DUNLOP
203,,STEWARTON
203,,KILMAURS
203,,STRANRAER
203,,GIRVAN
203,,AYR
203,,PRESTWICK TOWN
203,,TROON
203,,KILMARNOCK
203,,AUCHINLECK
203,,NEW CUMNOCK
203,,KIRKCONNEL
203,,SANQUHAR
203,,DUMFRIES
203,,ANNAN
203,,GRETNA GREEN
203,,CARLISLE
204,,"Glasgow to Cathcart circle, Neilston and Newton"
204,,GLASGOW CENTRAL
204,,POLLOKSHIELDS WEST
204,,MAXWELL PARK
204,,SHAWLANDS
204,,POLLOKSHAWS EAST
204,,LANGSIDE
204,,POLLOKSHIELDS EAST
204,,QUEENS PARK (STRATHCLYDE)
204,,CROSSHILL
204,,MOUNT FLORIDA
204,,CATHCART
204,,MUIREND
204,,WILLIAMWOOD
204,,WHITECRAIGS
204,,PATTERTON
204,,NEILSTON
204,,KINGS PARK
204,,CROFTFOOT
204,,BURNSIDE
204,,KIRKHILL
204,,NEWTON (LANARK)
205,,Glasgow to Maryhill and Anniesland
205,,GLASGOW QUEEN STREET
205,,ASHFIELD
205,,POSSILPARK & PARKHOUSE
205,,GILSHOCHILL
205,,SUMMERSTON
205,,MARYHILL
205,,KELVINDALE
205,,ANNIESLAND
206,,"Glasgow to Partick, Milngavie, Yoker, Dalmuir, Dumbarton, Balloch and Helensburgh"
206,,EDINBURGH
206,,HAYMARKET
206,,BATHGATE
206,,AIRDRIE
206,,COATBRIDGE SUNNYSIDE
206,,SPRINGBURN
206,,BELLGROVE
206,,MOTHERWELL
206,,LARKHALL
206,,HAMILTON CENTRAL
206,,WHIFFLET
206,,RUTHERGLEN
206,,DALMARNOCK
206,,BRIDGETON
206,,ARGYLE STREET
206,,GLASGOW CENTRAL
206,,ANDERSTON
206,,EXHIBITION CENTRE
206,,HIGH STREET
206,,GLASGOW QUEEN STREET
206,,CHARING CROSS
206,,PARTICK
206,,HYNDLAND
206,,JORDANHILL
206,,SCOTSTOUNHILL
206,,GARSCADDEN
206,,YOKER
206,,CLYDEBANK
206,,ANNIESLAND
206,,WESTERTON
206,,BEARSDEN
206,,HILLFOOT
206,,MILNGAVIE
206,,DRUMCHAPEL
206,,DRUMRY
206,,SINGER
206,,DALMUIR
206,,KILPATRICK
206,,BOWLING
206,,DUMBARTON EAST
206,,DUMBARTON CENTRAL
206,,DALREOCH
206,,RENTON
206,,ALEXANDRIA
206,,BALLOCH
206,,CARDROSS
206,,CRAIGENDORAN
206,,HELENSBURGH CENTRAL
206,,HELENSBURGH UPPER
207,,"Glasgow to Hamilton, Larkhall, Whifflet and Motherwell"
207,,MILNGAVIE
207,,DALMUIR
207,,HYNDLAND
207,,PARTICK
207,,EXHIBITION CENTRE
207,,ANDERSTON
207,,GLASGOW CENTRAL
207,,ARGYLE STREET
207,,BRIDGETON
207,,DALMARNOCK
207,,RUTHERGLEN
207,,CAMBUSLANG
207,,NEWTON (LANARK)
207,,BLANTYRE
207,,HAMILTON WEST
207,,HAMILTON CENTRAL
207,,CHATELHERAULT
207,,MERRYTON
207,,LARKHALL
207,,AIRBLES
207,,CARMYLE
207,,MOUNT VERNON
207,,BAILLIESTON
207,,BARGEDDIE
207,,KIRKWOOD
207,,WHIFFLET
207,,UDDINGSTON
207,,BELLSHILL
207,,MOTHERWELL
208,,"Glasgow, Hamilton and Motherwell to Cumbernauld and Falkirk"
208,,GLASGOW QUEEN STREET
208,,SPRINGBURN
208,,ROBROYSTON
208,,STEPPS
208,,GARTCOSH
208,,GLASGOW CENTRAL
208,,HAMILTON WEST
208,,HAMILTON CENTRAL
208,,AIRBLES
208,,MOTHERWELL
208,,WHIFFLET
208,,COATBRIDGE CENTRAL
208,,GREENFAULDS
208,,CUMBERNAULD
208,,CAMELON
208,,FALKIRK GRAHAMSTON
209,,"Glasgow to Motherwell, Lanark, Carstairs, Shotts and Edinburgh"
209,,GLASGOW CENTRAL
209,,CAMBUSLANG
209,,UDDINGSTON
209,,BELLSHILL
209,,MOTHERWELL
209,,HOLYTOWN
209,,SHIELDMUIR
209,,WISHAW
209,,CARLUKE
209,,LANARK
209,,CARSTAIRS
209,,CARFIN
209,,CLELAND
209,,HARTWOOD
209,,SHOTTS
209,,FAULDHOUSE
209,,BREICH
209,,ADDIEWELL
209,,WEST CALDER
209,,LIVINGSTON SOUTH
209,,KIRKNEWTON
209,,CURRIEHILL
209,,WESTER HAILES
209,,KINGSKNOWE
209,,SLATEFORD
209,,HAYMARKET
209,,EDINBURGH
210,,"Glasgow to Springburn, Coatbridge, Airdrie, Bathgate and Edinburgh"
210,,HELENSBURGH CENTRAL
210,,BALLOCH
210,,DUMBARTON CENTRAL
210,,DALMUIR
210,,MILNGAVIE
210,,PARTICK
210,,CHARING CROSS
210,,GLASGOW QUEEN STREET
210,,HIGH STREET
210,,BELLGROVE
210,,DUKE STREET
210,,ALEXANDRA PARADE
210,,BARNHILL
210,,SPRINGBURN
210,,CARNTYNE
210,,SHETTLESTON
210,,GARROWHILL
210,,EASTERHOUSE
210,,BLAIRHILL
210,,COATBRIDGE SUNNYSIDE
210,,COATDYKE
210,,AIRDRIE
210,,DRUMGELLOCH
210,,CALDERCRUIX
210,,BLACKRIDGE
210,,ARMADALE
210,,BATHGATE
210,,LIVINGSTON NORTH
210,,UPHALL
210,,EDINBURGH PARK
210,,HAYMARKET
210,,EDINBURGH
211,,Glasgow to Falkirk High and Edinburgh
211,,GLASGOW QUEEN STREET
211,,CROY
211,,FALKIRK HIGH
211,,POLMONT
211,,LINLITHGOW
211,,HAYMARKET
211,,EDINBURGH
212,,"Glasgow, Edinburgh and Falkirk to Stirling, Alloa, Dunblane and Perth"
212,,GLASGOW QUEEN STREET
212,,BISHOPBRIGGS
212,,LENZIE
212,,CROY
212,,EDINBURGH
212,,HAYMARKET
212,,EDINBURGH PARK
212,,LINLITHGOW
212,,POLMONT
212,,FALKIRK GRAHAMSTON
212,,CAMELON
212,,CUMBERNAULD
212,,LARBERT
212,,STIRLING
212,,ALLOA
212,,BRIDGE OF ALLAN
212,,DUNBLANE
212,,GLENEAGLES
212,,PERTH
213,,"Glasgow, Edinburgh and Perth to Pitlochry, Aviemore and Inverness"
213,,EDINBURGH
213,,HAYMARKET
213,,EDINBURGH GATEWAY
213,,INVERKEITHING
213,,KIRKCALDY
213,,MARKINCH
213,,LADYBANK
213,,GLASGOW QUEEN STREET
213,,FALKIRK GRAHAMSTON
213,,LARBERT
213,,STIRLING
213,,BRIDGE OF ALLAN
213,,DUNBLANE
213,,GLENEAGLES
213,,PERTH
213,,DUNKELD & BIRNAM
213,,PITLOCHRY
213,,BLAIR ATHOLL
213,,DALWHINNIE
213,,NEWTONMORE
213,,KINGUSSIE
213,,AVIEMORE
213,,CARRBRIDGE
213,,INVERNESS
214,,"Glasgow, Edinburgh and Perth to Dundee, Arbroath, Aberdeen, Inverurie, Elgin and Inverness"
214,,EDINBURGH
214,,HAYMARKET
214,,EDINBURGH GATEWAY
214,,INVERKEITHING
214,,KIRKCALDY
214,,MARKINCH
214,,LADYBANK
214,,SPRINGFIELD
214,,CUPAR
214,,LEUCHARS
214,,GLASGOW QUEEN STREET
214,,LARBERT
214,,STIRLING
214,,BRIDGE OF ALLAN
214,,DUNBLANE
214,,GLENEAGLES
214,,PERTH
214,,INVERGOWRIE
214,,DUNDEE
214,,BROUGHTY FERRY
214,,BALMOSSIE
214,,MONIFIETH
214,,BARRY LINKS
214,,GOLF STREET
214,,CARNOUSTIE
214,,ARBROATH
214,,MONTROSE
214,,LAURENCEKIRK
214,,STONEHAVEN
214,,PORTLETHEN
214,,ABERDEEN
214,,DYCE
214,,KINTORE
214,,INVERURIE
214,,INSCH
214,,HUNTLY
214,,KEITH
214,,ELGIN
214,,FORRES
214,,NAIRN
214,,INVERNESS AIRPORT
214,,INVERNESS
215,,"Edinburgh to Dunfermline, Cowdenbeath, Kirkcaldy, Glenrothes, Perth and Dundee"
215,,EDINBURGH
215,,HAYMARKET
215,,SOUTH GYLE
215,,EDINBURGH GATEWAY
215,,DALMENY
215,,NORTH QUEENSFERRY
215,,INVERKEITHING
215,,ROSYTH
215,,DUNFERMLINE TOWN
215,,DUNFERMLINE QUEEN MARGARET
215,,COWDENBEATH
215,,LOCHGELLY
215,,CARDENDEN
215,,DALGETY BAY
215,,ABERDOUR
215,,BURNTISLAND
215,,KINGHORN
215,,KIRKCALDY
215,,GLENROTHES WITH THORNTON
215,,CAMERON BRIDGE
215,,LEVEN
215,,MARKINCH
215,,LADYBANK
215,,PERTH
215,,SPRINGFIELD
215,,CUPAR
215,,LEUCHARS
215,,DUNDEE
215,,ARBROATH
215,,ABERDEEN
216,,Edinburgh to North Berwick and Dunbar
216,,HAYMARKET
216,,EDINBURGH
216,,MUSSELBURGH
216,,WALLYFORD
216,,PRESTONPANS
216,,LONGNIDDRY
216,,DREM
216,,NORTH BERWICK
216,,EAST LINTON
216,,DUNBAR
217,,Edinburgh to Galashiels and Tweedbank
217,,HAYMARKET
217,,EDINBURGH
217,,BRUNSTANE
217,,NEWCRAIGHALL
217,,SHAWFAIR
217,,ESKBANK
217,,NEWTONGRANGE
217,,GOREBRIDGE
217,,STOW
217,,GALASHIELS
217,,TWEEDBANK
218,,"Edinburgh and Glasgow to Crianlarich, Oban, Fort William and Mallaig"
218,,EDINBURGH
218,,GLASGOW QUEEN STREET
218,,DALMUIR
218,,DUMBARTON CENTRAL
218,,HELENSBURGH UPPER
218,,GARELOCHHEAD
218,,ARROCHAR & TARBET
218,,ARDLUI
218,,CRIANLARICH
218,,TYNDRUM LOWER
218,,DALMALLY
218,,LOCH AWE
218,,FALLS OF CRUACHAN
218,,TAYNUILT
218,,CONNEL FERRY
218,,OBAN
218,,UPPER TYNDRUM
218,,BRIDGE OF ORCHY
218,,RANNOCH
218,,CORROUR
218,,TULLOCH
218,,ROY BRIDGE
218,,SPEAN BRIDGE
218,,FORT WILLIAM
218,,BANAVIE
218,,CORPACH
218,,LOCH EIL OUTWARD BOUND
218,,LOCHEILSIDE
218,,GLENFINNAN
218,,LOCHAILORT
218,,BEASDALE
218,,ARISAIG
218,,MORAR
218,,MALLAIG
219,,"Inverness to Dingwall, Kyle of Lochalsh, Thurso and Wick"
219,,INVERNESS
219,,BEAULY
219,,MUIR OF ORD
219,,CONON BRIDGE
219,,DINGWALL
219,,GARVE
219,,LOCHLUICHART
219,,ACHANALT
219,,ACHNASHEEN
219,,ACHNASHELLACH
219,,STRATHCARRON
219,,ATTADALE
219,,STROMEFERRY
219,,DUNCRAIG
219,,PLOCKTON
219,,DUIRINISH
219,,KYLE OF LOCHALSH
219,,ALNESS
219,,INVERGORDON
219,,FEARN
219,,TAIN
219,,ARDGAY
219,,CULRAIN
219,,INVERSHIN
219,,LAIRG
219,,ROGART
219,,GOLSPIE
219,,DUNROBIN CASTLE
219,,BRORA
219,,HELMSDALE
219,,KILDONAN
219,,KINBRACE
219,,FORSINARD
219,,ALTNABREAC
219,,SCOTSCALDER
219,,GEORGEMAS JUNCTION
219,,THURSO
219,,WICK
