Station Code,Station Name,ICS Code,Postcode
"AAP","Alexandra Palace","910GALEXNDP","N90NN"
"ABW","Abbey Wood","910GABWD","SE29SW"
"ABX","Abbey Wood Crossrail",,"SE29SW"
"ACC","Acton Central","910GACTNCTL","W36QA"
"AGR","Angel Road","910GANGELRD","N182PD"
"AML","Acton Main Line","910GACTONML","W30JF"
"ANZ","Anerley","910GANERLEY","SE208NF"
"AYP","Albany Park","910GALBNYPK","DA53HU"
"BAD","Banstead","910GBANSTED","SM71PZ"
"BAK","Battersea Park","910GQTRDBAT","SW84NP"
"BAL","Balham","910GBALHAM","SW129DH"
"BBL","Bat & Ball","910GBATABAL","TN145DQ"
"BCV","Bruce Grove","910GBRUCGRV","N176YT"
"BCY","Brockley","910GBROCKLY","SE42LX"
"BEC","Beckenham Hill","910GBCKNHMH","SE63RN"
"BET","Bethnal Green","910GBTHNLGR","E26JJ"
"BFD","Brentford","910GBNTFORD","TW80QY"
"BFR","Blackfriars","910GBLFR","EC4Y0AA"
"BGM","Bellingham","910GBELNGHM","SE63TF"
"BHK","Bush Hill Park","910GBHILLPK","EN11BN"
"BHO","Blackhorse Road","910GBLCHSRD","E176JT"
"BIK","Birkbeck","910GBIRKBCK","SE207XX"
"BKG","Barking","910GBARKING","IG118TN"
"BKH","Blackheath","910GBLKHTH","SE30TW"
"BKJ","Beckenham Junction","910GBCKNHMJ","BR31TL"
"BKL","Bickley","910GBICKLEY","BR12WE"
"BLM","Belmont","910GBELM","SM26DW"
"BMD","Brimsdown","910GBRIMSDN","EN37XW"
"BMN","Bromley North","910GBROMLYN","BR13LP"
"BMS","Bromley South","910GBROMLYS","BR11LE"
"BNI","Barnes Bridge","910GBNSBDGE","SW130NP"
"BNS","Barnes","910GBARNES","SW130HT"
"BOP","Bowes Park","910GBOWESPK","N112QQ"
"BRX","Brixton","910GBRIXTON","SW98QQ"
"BSP","Brondesbury Park","910GBRBYPK","NW67YG"
"BSY","Brondesbury","910GBRBY","NW62QW"
"BVD","Belvedere","910GBELVEDR","DA176JR"
"BXY","Bexley","910GBEXLEY","DA51AF"
"CBH","Cambridge Heath","910GCAMHTH","E29DX"
"CBP","Castle Bar Park","910GCBARPAR","W71QA"
"CDN","Coulsdon Town","910GCOLSTWN","CR52JA"
"CDS","Coulsdon South","910GCOLSDNS","CR52YD"
"CFB","Catford Bridge","910GCATFORD","SE64PZ"
"CFT","Crofton Park","910GCFPK","SE42BU"
"CHE","Cheam","910GCHEAM","SM38SD"
"CHI","Chingford","910GCHINGFD","E47AD"
"CHK","Chiswick","910GCHISWCK","W43HR"
"CHP","Chipstead","910GCHSD","CR53PJ"
"CHX","Charing Cross","910GCHRX","WC2R0QU"
"CIR","Caledonian Road & Barnsbury","910GCLDNNRB","N78UJ"
"CIT","Chislehurst","910GCHSLHRS","BR75QX"
"CLD","Chelsfield","910GCHLSFLD","BR66HA"
"CLJ","Clapham Junction","910GCLPHMJC","SW112NS"
"CLK","Clock House","910GCLOCKHS","BR34RR"
"CLP","Clapham High Street","910GCLPHHS","SW46LY"
"CMD","Camden Road","910GCMDNRD","NW19NN"
"CNN","Canonbury","910GCNNB","N52NU"
"CPT","Clapton","910GCLAPTON","E59JU"
"CRH","Crouch Hill","910GCROUCHH","N44BQ"
"CRI","Cricklewood","910GCRKLWD","NW21TU"
"CRY","Crayford","910GCRFD","DA14HW"
"CSB","Carshalton Beeches","910GCRSHLTB","SM53SD"
"CSH","Carshalton","910GCRSHLTN","SM52NS"
"CSN","Chessington North","910GCHSSN","KT91AX"
"CSS","Chessington South","910GCHSSS","KT92HR"
"CST","Cannon Street","940GZZLUCST","EC4N6AP"
"CTF","Catford","910GCATFBDG","SE64PZ"
"CTH","Chadwell Heath","910GCHDWLHT","RM64EE"
"CTK","City Thameslink","910GCTMSLNK","EC1A2EE"
"CTN","Charlton","910GCRLN","SE77RJ"
"CUS",,"Custom House CROSSRAIL","940GZZDLCUS","E163AT"
"CWF","CWF","Canary Wharf Crossrail","940GZZLUCYF","E144HJ"
"CWH","Crews Hill","910GCRHL","EN28AY"
"CYP","Crystal Palace","910GCRYSTLP","SE192BF"
"DDK","Dagenham Dock","910GDGNHMDC","RM96SJ"
"DEP","Deptford","910GDEPTFD","SE85PZ"
"DFD","Dartford","910GDARTFD","DA11BN"
"DGC","Denham Golf Club","910GDENHMGC","UB95DW"
"DLJ","Dalston Junction","910GDALS","N168HR"
"DLK","Dalston Kingsland","910GDALS","N168JZ"
"DMK","Denmark Hill","910GDENMRKH","SE58AF"
"DNM","Denham","910GDENHAM","UB95ND"
"DRG","Drayton Green","910GDRAYGRN","W71QN"
"DYP","Drayton Park","910GDRYP","N77AS"
"EAD","Earlsfield","910GERLFLD","SW184SN"
"EAL","Ealing Broadway","910GEALINGB","W52UX"
"ECR","East Croydon","910GECROYDN","CR96LE"
"EDN","Eden Park","910GEDPK","BR33LY"
"EDR","Edmonton Green","910GEDMNGRN","N99YW"
"EDW","East Dulwich","910GEDULWCH","SE228ET"
"ELE","Elmers End","910GELMERSE","BR34EJ"
"ELW","Eltham","910GELTHAM","SE96SS"
"ENC","Enfield Chase","910GENFC","EN28DE"
"ENF","Enfield Town","910GENFLDTN","EN13UA"
"ENL","Enfield Lock","910GENFLDLK","EN36DA"
"EPH","Elephant & Castle","910GELPHNAC","SE16LW"
"ERH","Erith","910GERITH","DA81TU"
"ESD","Elmstead Woods","910GELMW","BR75SG"
"EUS","Euston","910GEUSTON","NW12DU"
"EXR","Essex Road","910GESSEXRD","N12HS"
"FAC","Farringdon Crossrail",,"EC1N8QT"
"FCN","Falconwood","910GFALCNWD","SE92RN"
"FEL","Feltham","910GFELTHAM","TW149BQ"
"FLW","Fulwell","910GFULWELL","TW25NX"
"FNY","Finchley Road & Frognal","910GFNCHLYR","NW36HB"
"FOG","Forest Gate","910GFRSTGT","E70ER"
"FOH","Forest Hill","910GFORESTH","SE233HG"
"FPK","Finsbury Park","910GFNPK","N43JU"
"FST","Fenchurch Street","910GFENCHRS","EC3M5NR"
"GDH","Gordon Hill","910GGORDONH","EN20QU"
"GDP","Gidea Park","910GGIDEAPK","RM26AX"
"GFD","Greenford","910GGFORD","UB60AZ"
"GIP","Gipsy Hill","910GGIPSYH","SE191QN"
"GMY","Goodmayes","910GGODMAYS","IG39UR"
"GNW","Greenwich","910GGNWH","SE109LG"
"GPK","Grange Park","910GGRPK","N211RF"
"GPO","Gospel Oak","910GGOSPLOK","NW32JT"
"GRP","Grove Park","910GGRVPK","SE120DU"
"GUN","Gunnersbury","910GGNRSBRY","W45RX"
"HAC","Hackney Downs","910GHACKNYC","E82AJ"
"HAN","Hanwell","910GHANWELL","W73EA"
"HAY","Hayes & Harlington","910GHAYESAH","UB34FH"
"HCB","Hackbridge","910GHKBG","SM67HN"
"HDH","Hampstead Heath","910GHMPSTDH","NW32SH"
"HDL","Headstone Lane","910GHEDSTNL","HA35NN"
"HDN","Harlesden","910GHARLSDN","NW108PY"
"HDW","Hadley Wood","910GHADLYWD","EN40EH"
"HEN","Hendon","910GHDON","NW96AX"
"HGG","Haggerston","910GHAGGERS","E84DE"
"HGR","Hither Green","910GHTHRGRN","SE135NN"
"HGY","Harringay","910GHRGY","N41RE"
"HHY","Highbury & Islington","910GHGHI","N78QL"
"HIP","Highams Park","910GHGHMSPK","E49UA"
"HKC","Hackney Central","910GHACKNYC","E81QZ"
"HKW","Hackney Wick","910GHACKNYW","E95NN"
"HMN","Homerton","910GHOMRTON","E96AG"
"HMP","Hampton (London)","910GHAMPTON","TW122LA"
"HMW","Hampton Wick","910GHAMWICK","KT14HX"
"HNH","Herne Hill","910GHERNEH","SE240JW"
"HOH","Harrow-on-the-Hill","910GHAROOTH","HA11YZ"
"HOU","Hounslow","910GHOUNSLW","TW32DQ"
"HOX","Hoxton","910GHOXTON","E28HX"
"HPA","Honor Oak Park","910GHONROPK","SE231EB"
"HRN","Hornsey","910GHRNSY","N87EB"
"HRO","Harold Wood","910GHRLDWOD","RM30DA"
"HRW","Harrow & Wealdstone","910GHROW","HA37AA"
"HRY","Harringay Green Lanes","910GHRGYGL","N41EY"
"HTE","Hatch End","910GHTCHEND","HA54UU"
"HWV","Heathrow Airport Terminal 5","910GHTRWTM5","UB70ET"
"HYR","Haydons Road","910GHYDNSRD","SW198HE"
"HYS","Hayes (Kent)","910GHAYS","BR27JG"
"IFD","Ilford","910GILFORD","IG14PT"
"IMW","Imperial Wharf","910GCSEAH","SW100XL"
"ISL","Isleworth","910GISLEWTH","TW75DH"
"KBN","Kilburn High Road","910GKLBRNHR","NW64QX"
"KCK","Knockholt","910GKNCKHLT","BR67QL"
"KDB","Kidbrooke","910GKIDBROK","SE39BY"
"KGX","Kings Cross","910GKNGX","NW12TF"
"KLY","Kenley","910GKNLY","CR85JS"
"KNG","Kingston","910GKGSTON","KT25AG"
"KNL","Kensal Green","910GKENSLG","NW105PT"
"KNR","Kensal Rise","910GKENR","NW105HH"
"KNT","Kenton","910GKTON","HA38BG"
"KPA","Kensington Olympia","910GKENOLYM","W148JD"
"KTH","Kent House","910GKENTHOS","SE207NR"
"KTN","Kentish Town","910GKNTSHTN","NW52HN"
"KTW","Kentish Town West","910GKNTSHTW","NW54LP"
"KWB","Kew Bridge","910GKEWBDGE","TW80JA"
"KWG","Kew Gardens","910GKEWGRDN","TW93QD"
"LAD","Ladywell","910GLDYW","SE137UZ"
"LBG","London Bridge","910GLNDNBDC","SE19TW"
"LEE","Lee (London)","910GLEEE","SE128RA"
"LEM","Leyton Midland Road","910GLEYTNMR","E106JS"
"LER","Leytonstone High Road","910GLYTNSHR","E114RU"
"LEW","Lewisham","910GLEWISHM","SE84LJ"
"LGJ","Loughborough Junction","910GLBGHJN","SW97UJ"
"LHS","Limehouse","910GLIMHSE","E147NS"
"LIX","Liverpool Street Crossrail","910GLIVST","EC2M7PP"
"LOF","London Fields","910GLONFLDS","E83PE"
"LST","Liverpool Street","910GLIVST","EC2M7PP"
"LSY","Lower Sydenham","910GLSYDNHM","SE265BZ"
"MAL","Malden Manor","910GMALDENM","KT35PL"
"MDS","Morden South","910GMORDENS","SM45HQ"
"MIJ","Mitcham Junction","910GMITCHMJ","CR44HN"
"MIL","Mill Hill Broadway","910GMLHB","NW73LN"
"MNP","Manor Park","910GMANRPK","E125DF"
"MOG","Moorgate","910GMRGT","EC2Y9UE"
"MOT","Motspur Park","910GMOTSPRP","KT36HE"
"MTC","Mitcham Eastfields","910GESTFLDS","CR42LS"
"MTG","Mottingham","910GMOTNGHM","SE95QR"
"MTL","Mortlake","910GMRTLKE","SW147HF"
"MYB","Marylebone","910GMARYLBN","NW16JP"
"MYL","Maryland","910GMRYLAND","E151JR"
"MZH","Maze Hill","910GMAZEH","SE109XR"
"NBA","New Barnet","910GNBARNET","EN51PB"
"NBC","New Beckenham","910GNBCKNHM","BR31QW"
"NBT","Norbiton","910GNRBITON","KT27UB"
"NDL","North Dulwich","910GNDULWCH","SE249JQ"
"NEH","New Eltham","910GNWELTHM","SE92DP"
"NEM","New Malden","910GNEWMLDN","KT34QE"
"NGR","NGW","North Greenwich","940GZZLUNGW","SE100PH"
"NHD","Nunhead","910GNUNHEAD","SE152DY"
"NLT","Northolt Park","910GNTHOLTP","HA28HB"
"NRB","Norbury","910GNORBURY","SW163LN"
"NSG","New Southgate","910GNEWSGAT","N111QG"
"NSH","North Sheen","910GNSHEEN","TW94LT"
"NUM","Northumberland Park","910GNMBRLPK","N170SS"
"NWB","North Wembley","910GNWEMBLY","HA97LY"
"NWD","Norwood Junction","910GNORWDJ","SE256YZ"
"NWX","New Cross","910GNWCRELL","SE84BD"
"NXG","New Cross Gate","910GNEWXGEL","SE146BJ"
"OKL","Oakleigh Park","910GOKLGHPK","EN48DA"
"OLD","Old Street","910GOLDST","N16AJ"
"ORP","Orpington","910GORPNGTN","BR68AD"
"OTF","Otford","910GOTFORD","TN145QX"
"PAA","Paddington CROSSRAIL",,"W21EE"
"PAD","Paddington","910GPADTON","W21EE"
"PAL","Palmers Green","910GPALMRSG","N134RD"
"PET","Petts Wood","910GPETSWD","BR51LS"
"PLU","Plumstead","910GPLMS","SE280BJ"
"PMR","Peckham Rye","910GPCKHMRY","SE155BY"
"PNE","Penge East","910GPNGEE","SE265PB"
"PNW","Penge West","910GPENEW","SE208DR"
"PON","Ponders End","910GPNDRSEN","EN34QQ"
"PUO","Purley Oaks","910GPURLEYO","CR20QA"
"PUR","Purley","910GPURLEY","CR82AW"
"PUT","Putney","910GPUTNEY","SW151TA"
"QPW","QPK","Queens Park","910GQPRK","NW66NN"
"QRB","Queenstown Road (Battersea)","910GQTRDBAT","SW84LR"
"QRP","Queens Road (Peckham)","910GPCKHMQD","SE152NB"
"RAY","Raynes Park","910GRAYNSPK","SW200LT"
"RDD","Riddlesdown","910GRDLSDWN","CR81XL"
"REC","Rectory Road","910GRCTRYRD","N167RX"
"RHM","Reedham (Surrey)","910GREEDHMS","CR84DB"
"RMD","Richmond","910GRICHMND","TW92QW"
"RMF","Romford","910GROMFORD","RM11AU"
"RNM","Rainham (Essex)","910GRNHAME","RM139YN"
"ROE","Rotherhithe","910GCNDAW","SE164LG"
"RVB","Ravensbourne","910GRBRN","BR35HG"
"SAJ","St Johns (London)","910GSTJOHNS","SE84ED"
"SAT","South Acton","910GSACTON","W38UB"
"SBM","South Bermondsey","910GSBRMNDS","SE163LL"
"SBP","Stonebridge Park","910GSTNBGPK","HA96HW"
"SBU","Southbury","910GSBURY","EN11UB"
"SCY","South Croydon","910GSCROYDN","CR01JT"
"SDC","Shoreditch High Street","910GSHRDHST","EC2A3HB"
"SDE","Shadwell","910GSHADWEL","E12NW"
"SDH","Sudbury Hill Harrow","910GSDBRYHH","UB60HU"
"SDS","SFS","Southfields","940GZZLUSFS","SW196LL"
"SEH","Shoreham (Kent)","910GSHRMKT","TN147RT"
"SFA","Stratford International","910GSTFODOM","E151DB"
"SGN","South Greenford","910GSGFORD","UB68BJ"
"SGR","Slade Green","910GSLADEGN","DA82PB"
"SID","Sidcup","910GSIDCUP","DA157AN"
"SIH","St Helier (Surrey)","910GSHLIER","SM45NP"
"SJS","St James Street","910GSTJMSST","E177ES"
"SKW","Stoke Newington","910GSTKNWNG","N165SQ"
"SLV","Silver Street","910GSIVRST","N182UF"
"SMG","St Margarets (London)","910GSTMGTS","TW11RW"
"SMH","Stamford Hill","910GSTMFDHL","N156PX"
"SMO","South Merton","910GSMERTON","SW193LT"
"SMY","St Mary Cray","910GSTMRYC","BR52PQ"
"SNR","Sanderstead","910GSDSD","CR20PW"
"SOH","South Hampstead","910GSHMPSTD","NW63SG"
"SOK","South Kenton","910GSKENTON","HA98RY"
"SPB","Shepherds Bush","910GSHPDSB","W128AY"
"SQE","Surrey Quays","910GSURREYQ","SE167LL"
"SRA","SFD","Stratford","910GSTFD","E151DE"
"SRC","Streatham Common","910GSTRHCOM","SW165PH"
"SRH","Streatham Hill","910GSTRHILL","SW24RU"
"SRS","Selhurst","910GSELHRST","SE256NS"
"SRT","Shortlands","910GSHRTLND","BR20BN"
"SRU","South Ruislip","910GSRUISLP","HA46TP"
"STE","Streatham (Greater London)","910GSTRETHM","SW166BS"
"STL","Southall","910GSTHALL","UB11DW"
"STO","South Tottenham","910GSTOTNHM","N155PB"
"STP","St Pancras International","910GSTPADOM","NW12QL"
"STW","Strawberry Hill","910GSTRWBYH","TW25UA"
"SUD","Sudbury & Harrow Road","910GSDBRYHR","HA02LZ"
"SUP","Sundridge Park","910GSNDP","BR14DT"
"SUR","Surbiton","910GSURBITN","KT64RD"
"SVK","Seven Kings","910GSVNKNGS","IG38LP"
"SVS","Seven Sisters","910GSTOTNHM","N155ES"
"SYD","Sydenham","910GSYDENHM","SE265QT"
"SYH","Sydenham Hill","910GSYDNHMH","SE217LZ"
"SYL","Syon Lane","910GSYONLA","TW89DU"
"TED","Teddington","910GTEDNGTN","TW119BQ"
"TOM","Tottenham Hale","910GTTNHMHL","N179LJ"
"TOO","Tooting","910GTOOTING","SW179SR"
"TUH","Tulse Hill","910GTULSEH","SE218JB"
"TUR","Turkey Street","910GTURKYST","EN14QG"
"TWI","Twickenham","910GTWCKNHM","TW11HD"
"UHL","Upper Holloway","910GUPRHLWY","N193JF"
"UPM","Upminster","910GUPMNSTR","RM141UP"
"VIC","Victoria","910GVICTRIC","SW1E5ND"
"VXH","Vauxhall","910GVAUXHLM","SW82LS"
"WAE","Waterloo East","910GWLOE","SE19NQ"
"WAT","Waterloo","910GWATRLMN","SE17ND"
"WBO","Wimbledon Chase","910GWIMLCHS","SW208LU"
"WBP","West Brompton","910GWBRMPTN","SW59JX"
"WCB","Westcombe Park","910GWCOMBEP","SE100LY"
"WCP","Worcester Park","910GWRCSTRP","KT47NX"
"WCX","Wembley Stadium","910GWEMBLSM","HA98RT"
"WCY","West Croydon","910GWCROYDN","CR03SQ"
"WDO","Waddon","910GWADDON","CR04NX"
"WDT","West Drayton","910GWDRYTON","UB78ED"
"WDU","West Dulwich","910GWDULWCH","SE218HN"
"WEA","West Ealing","910GWEALING","W130LD"
"WEH","West Ham","910GWHAMHL","E153AU"
"WGR","Woodgrange Park","910GWDGRNPK","E78AY"
"WHC","Walthamstow Central","910GWLTWCEN","E177JU"
"WHD","West Hampstead","910GWHMPSTM","NW61PG"
"WHL","White Hart Lane","910GWHHRTLA","N178DX"
"WHP","West Hampstead Thameslink","910GWHMDSTD","NW61QU"
"WIH","Winchmore Hill","910GWNMHILL","N211BE"
"WIJ","Willesden Junction","910GWLSDJHL","NW104XA"
"WIM","Wimbledon","910GWDON","SW197QG"
"WLI","Welling","910GWELLING","DA163JA"
"WLT","Wallington","910GWALNGTN","SM60EL"
"WMB","Wembley Central","910GWMBY","HA97JD"
"WME","Woodmansterne","910GWDMNSTR","CR53JD"
"WMP","WMP","Wimbledon Park","940GZZLUWIP","SW197HR"
"WMW","Walthamstow Queens Road","910GWLTHQRD","E177QS"
"WNP","Wanstead Park","910GFRSTGT","E70HB"
"WNT","Wandsworth Town","910GWDWTOWN","SW181AZ"
"WNW","West Norwood","910GWNORWOD","SE270JW"
"WOW","Woolwich Crossrail",,
"WRU","West Ruislip","910GWRUISLP","HA47DP"
"WST","Wood Street","910GWDST","E173TJ"
"WSW","Wandsworth Common","910GWANDCMN","SW128NL"
"WTN","Whitton (London)","910GWHTTON","TW27LW"
"WWA","Woolwich Arsenal","910GWOLWCHA","SE186LF"
"WWD","Woolwich Dockyard","910GWOLWCDY","SE185QB"
"WWI","West Wickham","910GWWICKHM","BR40EQ"
"WWR","Wandsworth Road","910GWNDSWRD","SW84TP"
"ZAD","ALD","Aldgate","940GZZLUALD","EC3N1AH"
"ZAE","ALE","Aldgate East","940GZZLUADE","E17PT"
"ZAG","AGR","Arnos Grove","940GZZLUASG","N111AN"
"ZAL","ARL","Arsenal","940GZZLUASL","N51LP"
"ZAN","ANG","Angel","940GZZLUAGL","EC1V1NE"
"ZAP","ALP","Alperton","940GZZLUALP","HA04LL"
"ZAR","ARC","Archway","940GZZLUACY","N195RQ"
"ZAS","ZAS","All Saints","940GZZDLALL","E146NT"
"ZAT","ACT","Acton Town","940GZZLUACT","W38HN"
"ZBA","BNK","Bank","940GZZLUBNK","EC3V3LA"
"ZBB","Barbican","910GBRBCNLT","EC1M6PX"
"ZBC","ZBC","Bow Church","940GZZDLBOW","E33EF"
"ZBD","BDS","Bond Street","940GZZLUBND","W1R1FE"
"ZBE","BER","Bermondsey","940GZZLUBMY","SE164RX"
"ZBG","BGR","Bounds Green","910GBOWESPK","N112EU"
"ZBH","ZBW","Blackwall","940GZZDLBLA","E149QE"
"ZBJ","ZBP","Beckton Park","940GZZDLBPK","E65PF"
"ZBK","Barking Underground","910GBARKING","IG118TN"
"ZBM","BOS","Boston Manor","940GZZLUBOS","TW89LQ"
"ZBN","BDE","Barkingside","940GZZLUBKE","IG61NB"
"ZBO","BUR","Burnt Oak","940GZZLUBTK","HA80LA"
"ZBP","BPK","Belsize Park","940GZZLUBZP","NW32AL"
"ZBQ","BCT","Barons Court","940GZZLUBSC","W149AX"
"ZBR","BWR","Bow Road","940GZZLUBWR","E34DH"
"ZBS","BST","Baker Street","940GZZLUBST","NW15LL"
"ZBT","BTX","Brent Cross","940GZZLUBTX","NW119UA"
"ZBU","BOR","Borough","940GZZLUBOR","SE11JX"
"ZBV","ZBT","Beckton","940GZZDLBEC","E65NT"
"ZBW","BBB","Bromley-By-Bow","940GZZLUBBB","E33NF"
"ZBY","ZBW","Bayswater","940GZZLUBWT","W24QH"
"ZBZ","BEC","Becontree","940GZZLUBEC","RM94TP"
"ZCA","CPS","Clapham South","940GZZLUCPS","SW129DU"
"ZCB","CNT","Canning Town","940GZZLUCGT","E161DQ"
"ZCC","CPC","Clapham Common","940GZZLUCPC","SW47AJ"
"ZCD","COL","Colindale","940GZZLUCND","NW95HR"
"ZCE","ZCH","Custom House","940GZZDLCUS","E163AT"
"ZCF","CHF","Chalk Farm","940GZZLUCFM","NW32BP"
"ZCH","ZXH","Crossharbour","940GZZDLCLA","E149RE"
"ZCI","CHP","Chiswick Park","940GZZLUCWP","W45NE"
"ZCK","CFS","Cockfosters","940GZZLUCKS","EN40DZ"
"ZCL","CLW","Colliers Wood","940GZZLUCSD","SW192HR"
"ZCN","CPN","Clapham North","910GCLPHHS","SW47TS"
"ZCP","CPK","Canons Park","940GZZLUCPK","HA86RN"
"ZCQ","ZCY","Cyprus","940GZZDLCYP","E65NA"
"ZCR","CRD","Caledonian Road","940GZZLUCAR","N79BA"
"ZCS","ZCS","Cutty Sark","940GZZDLCUT","SE109DW"
"ZCT","CTN","Camden Town","940GZZLUCTN","NW18NH"
"ZCV","COV","Covent Garden","940GZZLUCGN","WC2E9JT"
"ZCW","Canada Water","910GCNDAW","SE167HS"
"ZCY","CYL","Chancery Lane","940GZZLUCHL","WC1V6DR"
"ZCZ","CWF","Canary Wharf","940GZZLUCYF","E144HJ"
"ZDE","DGE","Dagenham East","940GZZLUDGE","RM108AA"
"ZDH","DGH","Dagenham Heathway","940GZZLUDGY","RM95AN"
"ZDO","DHL","Dollis Hill","940GZZLUDOH","NW105NB"
"ZDP","ZDP","Deptford Bridge","940GZZDLDEP","SE84HH"
"ZDR","ZDR","Devons Road","940GZZDLDEV","E34DP"
"ZEA","EAC","East Acton","940GZZLUEAN","W120BP"
"ZEB","ERB","Edgware Road (Bakerloo)","940GZZLUERB","W21EB"
"ZEC","ECM","Ealing Common","940GZZLUECM","W53LD"
"ZED","EDG","Edgware","940GZZLUEGW","HA87AW"
"ZEE","ETE","Eastcote","940GZZLUEAE","HA51QZ"
"ZEF","EFY","East Finchley","940GZZLUEFY","N20NW"
"ZEH","EHM","East Ham","940GZZLUEHM","E62JA"
"ZEI","ZEI","East India","940GZZDLEIN","E149GF"
"ZEK","EMB","Embankment","910GCHRX","WC2N6NS"
"ZEL","Elephant & Castle (Underground)","910GELPHNAC","SE16LW"
"ZEM","ERD","Edgware Road (Circle)","940GZZLUERC","NW15DD"
"ZEP","EPK","Elm Park","940GZZLUEPK","RM124RW"
"ZER","ZER","Elverson Road","940GZZDLELV","SE137RN"
"ZES","ESQ","Euston Square","940GZZLUESQ","NW12BN"
"ZET","ECT","Earls Court","940GZZLUECT","SW59QA"
"ZFA","FLP","Fairlop","940GZZLUFLP","IG63HD"
"ZFB","FBY","Fulham Broadway","940GZZLUFBY","SW61BY"
"ZFC","FYC","Finchley Central","940GZZLUFYC","N32RY"
"ZFD","Farringdon","910GFRNDNLT","EC1N8QT"
"ZFR","FRD","Finchley Road","940GZZLUFYR","NW36OP"
"ZGA","GHL","Gants Hill","940GZZLUGTH","IG26UD"
"ZGC","ZGH","Gallions Reach","940GZZDLGAL","E66FS"
"ZGE","GPK","Green Park","940GZZLUGPK","W1V9HG"
"ZGG","GGR","Golders Green","940GZZLUGGN","NW117RN"
"ZGP","GPS","Great Portland Street","940GZZLUGPS","NW14LH"
"ZGR","GRD","Gloucester Road","940GZZLUGTR","SW74SF"
"ZGS","GST","Goodge Street","940GZZLUGDG","W1P9PA"
"ZGW","ZGR","Goldhawk Road","940GZZLUGHK","W128EG"
"ZHA","HMD","Hammersmith (District and Piccadilly)","940GZZLUHSC","W67DP"
"ZHB","HBT","High Barnet","940GZZLUHBT","EN55RP"
"ZHC","HNC","Hounslow Central","940GZZLUHWC","TW31JG"
"ZHD","HDN","Hillingdon","940GZZLUHGD","UB109NR"
"ZHE","HNE","Hounslow East","940GZZLUHWE","TW34AB"
"ZHG","HIG","Highgate","940GZZLUHGT","N65FJ"
"ZHL","HLN","Hanger Lane","940GZZLUHGR","W51DL"
"ZHM","HMP","Hampstead","940GZZLUHTD","NW31QG"
"ZHN","HND","Hendon Central","940GZZLUHCL","NW43AS"
"ZHO","HOL","Holborn","940GZZLUHBN","WC2B6AA"
"ZHP","HPK","Holland Park","940GZZLUHPK","W113RB"
"ZHQ","ZHQ","Heron Quays","940GZZDLHEQ","E144JH"
"ZHR","HRD","Holloway Road","940GZZLUHWY","N78HS"
"ZHT","HAI","Hainault","940GZZLUHLT","IG63BD"
"ZHU","HCH","Hornchurch","940GZZLUHCH","RM126LS"
"ZHW","HNW","Hounslow West","940GZZLUHWT","TW33DH"
"ZHY","HPC","Hyde Park Corner","940GZZLUHPC","SW1X7LY"
"ZHZ","HMS","Hammersmith","940GZZLUHSD","W67SY"
"ZIC","ICK","Ickenham","940GZZLUICK","UB108PD"
"ZIG","ZIG","Island Gardens","940GZZDLISL","E143GR"
"ZIQ","ZWI","West India Quay","940GZZDLCAN","E144EG"
"ZKE","KEN","Kennington","940GZZLUKNG","SE114QJ"
"ZKI","KIL","Kilburn","910GBRBY","NW67QL"
"ZKN","KNB","Knightsbridge","940GZZLUKNB","SW1X7LJ"
"ZKP","KPK","Kilburn Park","910GKLBRNHR","NW65AD"
"ZKY","KBY","Kingsbury","940GZZLUKBY","NW99EG"
"ZLA","LAN","Lancaster Gate","940GZZLULGT","W23PF"
"ZLC","LSQ","Leicester Square","940GZZLULSQ","WC2H0AP"
"ZLE","LYS","Leytonstone","940GZZLULYS","E111HE"
"ZLG","ZLG","Ladbroke Grove","940GZZLULAD","W106HJ"
"ZLN","LAM","Lambeth North","940GZZLULBN","SE17XG"
"ZLR","ZLR","Latimer Road","940GZZLULRD","W106SZ"
"ZLW","Whitechapel","910GWCHAPEL","E15BZ"
"ZLY","LEY","Leyton","940GZZLULYN","E105PS"
"ZMA","MAR","Marble Arch","940GZZLUMBA","W1R1DD"
"ZMC","ZMC","Mudchute","940GZZDLMUD","E149UW"
"ZME","MLE","Mile End","940GZZLUMED","E34DH"
"ZMH","MAN","Mansion House","940GZZLUMSH","EC4N6JD"
"ZML","MHE","Mill Hill East","940GZZLUMHL","NW71BS"
"ZMM","MON","Monument","940GZZLUBNK","EC4R9AA"
"ZMN","MCR","Mornington Crescent","940GZZLUMTC","NW12JA"
"ZMO","MOR","Morden","940GZZLUMDN","SM45AZ"
"ZMP","MPK","Moor Park","940GZZLUMPK","HA62JQ"
"ZMR","MNR","Manor House","940GZZLUMRH","N41BZ"
"ZMV","MDV","Maida Vale","940GZZLUMVL","W91JS"
"ZNA","NAC","North Acton","940GZZLUNAN","W36UP"
"ZND","NWD","Northwood","940GZZLUNOW","HA62XL"
"ZNE","NEL","North Ealing","940GZZLUNEN","W53AF"
"ZNF","NFD","Northfields","940GZZLUNFD","W139QU"
"ZNG","NHG","Notting Hill Gate","940GZZLUNHG","W113HT"
"ZNH","NHR","North Harrow","940GZZLUNHA","HA27SR"
"ZNK","NWP","Northwick Park","940GZZLUNKP","HA30AT"
"ZNN","NEA","Neasden","940GZZLUNDN","NW101PH"
"ZNO","NHT","Northolt","940GZZLUNHT","UB54AA"
"ZNP","NEP","Newbury Park","910GILFENBP","IG27RN"
"ZNS","NWH","Northwood Hills","940GZZLUNWH","HA61NZ"
"ZOA","OAK","Oakwood","940GZZLUOAK","N144UT"
"ZOC","OXC","Oxford Circus","940GZZLUOXC","W1R1AB"
"ZOV","OVL","Oval","940GZZLUOVL","SE114PP"
"ZOY","OST","Osterley","940GZZLUOSY","TW74PU"
"ZPB","PUT","Putney Bridge","940GZZLUPYB","SW63UH"
"ZPC","PIC","Piccadilly Circus","940GZZLUPCC","W1V9LB"
"ZPD","ZRP","Prince Regent","940GZZDLPRE","E161SL"
"ZPE","PER","Perivale","940GZZLUPVL","UB67PG"
"ZPG","PGR","Parsons Green","940GZZLUPSG","SW64HJ"
"ZPI","PIN","Pinner","940GZZLUPNR","HA55LZ"
"ZPK","PRY","Park Royal","940GZZLUPKR","W53EL"
"ZPL","ZPO","Poplar","940GZZDLPOP","E140BX"
"ZPM","ZPM","Pudding Mill Lane","940GZZDLPUD","E152PJ"
"ZPO","PIM","Pimlico","940GZZLUPCO","SW1V2JA"
"ZPR","ZPT","Preston Road","940GZZLUPRD","HA30PS"
"ZPS","PLW","Plaistow","940GZZLUPLW","E130JU"
"ZPU","EPY","East Putney","940GZZLUEPY","SW152SP"
"ZQB","QBY","Queensbury","940GZZLUQBY","HA85NP"
"ZQS","SWF","South Woodford","940GZZLUSWF","E181JJ"
"ZQW","QWY","Queensway","940GZZLUQWY","W24SS"
"ZRA","RCP","Ravenscourt Park","940GZZLURVP","W60UG"
"ZRB","ZRV","Royal Victoria","940GZZDLRVC","E161LE"
"ZRC","ZRA","Royal Albert","940GZZDLRAL","E162QD"
"ZRG","RUG","Ruislip Gardens","940GZZLURSG","HA46NF"
"ZRL","RLN","Rayners Lane","940GZZLURYL","HA55EJ"
"ZRM","RUM","Ruislip Manor","940GZZLURSM","HA49AA"
"ZRP","RPK","Regents Park","940GZZLURGP","NW15HA"
"ZRS","RSQ","Russell Square","940GZZLURSQ","WC1N1LG"
"ZRU","RUI","Ruislip","940GZZLURSP","HA48LD"
"ZRY","ZRO","Royal Oak","940GZZLURYO","W26ET"
"ZSA","SGT","Southgate","940GZZLUSGT","N146JT"
"ZSC","SWC","Swiss Cottage","940GZZLUSWC","NW36HY"
"ZSE","SEL","South Ealing","940GZZLUSEA","W54QB"
"ZSF","STB","Stamford Brook","940GZZLUSFB","W60XS"
"ZSG","STG","Stepney Green","940GZZLUSGN","E14AQ"
"ZSH","SHL","Sudbury Hill","910GSDBRYHH","HA13RA"
"ZSI","SWM","South Wimbledon","940GZZLUSWN","SW191DE"
"ZSJ","SJW","St Johns Wood","940GZZLUSJW","NW89TY"
"ZSK","SKN","South Kensington","940GZZLUSKS","SW72NB"
"ZSL","STK","Stockwell","940GZZLUSKW","SW99AE"
"ZSM","STA","Stanmore","940GZZLUSTM","HA74PD"
"ZSN","SNB","Snaresbrook","940GZZLUSNB","E111QE"
"ZSO","SSQ","Sloane Square","940GZZLUSSQ","SW1W8BB"
"ZSP","STP","St Pauls","940GZZLUSPU","EC1A7AJ"
"ZSQ","ZSQ","South Quay","940GZZDLSOQ","E149UJ"
"ZSS","SJP","St Jamess Park","940GZZLUSJP","SW1H9AT"
"ZSW","SWK","Southwark","910GWLOE","SE18NW"
"ZSX","SHR","South Harrow","940GZZLUSHH","HA28HN"
"ZSY","STN","Sudbury Town","940GZZLUSUT","HA02LA"
"ZTB","TBE","Tooting Bec","940GZZLUTBC","SW179AH"
"ZTC","TCR","Tottenham Court Road","940GZZLUTCR","W1T1UQ"
"ZTG","ZTG","Tower Gateway","940GZZDLTWG","EC3N2PU"
"ZTH","THL","Tower Hill","910GFENCHRS","EC3N4DJ"
"ZTL","TPL","Turnpike Lane","940GZZLUTPN","N153NX"
"ZTM","TEM","Temple","940GZZLUTMP","WC2R2PH"
"ZTO","TBY","Tooting Broadway","940GZZLUTBY","SW170SU"
"ZTP","TPK","Tufnell Park","940GZZLUTFP","N195QB"
"ZTR","TGR","Turnham Green","940GZZLUTNG","W41LR"
"ZTW","TOT","Totteridge & Whetstone","940GZZLUTAW","N209QP"
"ZUB","UPB","Upminster Bridge","940GZZLUUPB","RM126PL"
"ZUP","UPK","Upton Park","940GZZLUUPK","E139AP"
"ZUX","UXB","Uxbridge","940GZZLUUXB","UB81JZ"
"ZUY","UPY","Upney","940GZZLUUPY","IG119LS"
"ZWC","WCT","White City","940GZZLUWCY","W127RH"
"ZWD","WGN","Wood Green","940GZZLUWOG","N224HH"
"ZWE","WAC","West Acton","940GZZLUWTA","W36UP"
"ZWF","ZWF","Westferry","940GZZDLWFE","E148JD"
"ZWG","WLG","Willesden Green","940GZZLUWIG","NW24QT"
"ZWH","WFY","West Finchley","940GZZLUWFN","N31NT"
"ZWI","WSP","Woodside Park","940GZZLUWOP","N128SE"
"ZWK","WKN","West Kensington","940GZZLUWKN","W149NL"
"ZWM","WMS","Westminster","940GZZLUWSM","SW1A2JR"
"ZWN","WAN","Wanstead","940GZZLUWSD","E112NT"
"ZWO","WFD","Woodford","940GZZLUWOF","IG80HW"
"ZWS","WST","Warren Street","940GZZLUWRR","NW13AA"
"ZWU","ZWP","Westbourne Park","940GZZLUWSP","W111AB"
"ZWV","WAR","Warwick Avenue","940GZZLUWKA","W92PT"
"ZWX","WHR","West Harrow","940GZZLUWHW","HA14HE"
"ZWY","WPK","Wembley Park","940GZZLUWYP","HA99AA"